[{"path":"build.gradle","fileType":"gradle","lines":[{"lineNumber":1,"author":{"gitId":"pigoliver"},"content":"plugins {"},{"lineNumber":2,"author":{"gitId":"pigoliver"},"content":"    id \u0027java\u0027"},{"lineNumber":3,"author":{"gitId":"pigoliver"},"content":"    id \u0027application\u0027"},{"lineNumber":4,"author":{"gitId":"pigoliver"},"content":"    id \u0027checkstyle\u0027"},{"lineNumber":5,"author":{"gitId":"pigoliver"},"content":"    id \u0027com.github.johnrengelman.shadow\u0027 version \u00275.1.0\u0027"},{"lineNumber":6,"author":{"gitId":"pigoliver"},"content":"}"},{"lineNumber":7,"author":{"gitId":"pigoliver"},"content":""},{"lineNumber":8,"author":{"gitId":"pigoliver"},"content":"repositories {"},{"lineNumber":9,"author":{"gitId":"pigoliver"},"content":"    mavenCentral()"},{"lineNumber":10,"author":{"gitId":"pigoliver"},"content":"}"},{"lineNumber":11,"author":{"gitId":"pigoliver"},"content":""},{"lineNumber":12,"author":{"gitId":"pigoliver"},"content":"dependencies {"},{"lineNumber":13,"author":{"gitId":"pigoliver"},"content":"    testImplementation group: \u0027org.junit.jupiter\u0027, name: \u0027junit-jupiter-api\u0027, version: \u00275.5.0\u0027"},{"lineNumber":14,"author":{"gitId":"pigoliver"},"content":"    testRuntimeOnly group: \u0027org.junit.jupiter\u0027, name: \u0027junit-jupiter-engine\u0027, version: \u00275.5.0\u0027"},{"lineNumber":15,"author":{"gitId":"pigoliver"},"content":"}"},{"lineNumber":16,"author":{"gitId":"pigoliver"},"content":""},{"lineNumber":17,"author":{"gitId":"pigoliver"},"content":"test {"},{"lineNumber":18,"author":{"gitId":"pigoliver"},"content":"    useJUnitPlatform()"},{"lineNumber":19,"author":{"gitId":"pigoliver"},"content":""},{"lineNumber":20,"author":{"gitId":"pigoliver"},"content":"    testLogging {"},{"lineNumber":21,"author":{"gitId":"pigoliver"},"content":"        events \"passed\", \"skipped\", \"failed\""},{"lineNumber":22,"author":{"gitId":"pigoliver"},"content":""},{"lineNumber":23,"author":{"gitId":"pigoliver"},"content":"        showExceptions true"},{"lineNumber":24,"author":{"gitId":"pigoliver"},"content":"        exceptionFormat \"full\""},{"lineNumber":25,"author":{"gitId":"pigoliver"},"content":"        showCauses true"},{"lineNumber":26,"author":{"gitId":"pigoliver"},"content":"        showStackTraces true"},{"lineNumber":27,"author":{"gitId":"pigoliver"},"content":"        showStandardStreams \u003d false"},{"lineNumber":28,"author":{"gitId":"pigoliver"},"content":"    }"},{"lineNumber":29,"author":{"gitId":"pigoliver"},"content":"}"},{"lineNumber":30,"author":{"gitId":"pigoliver"},"content":""},{"lineNumber":31,"author":{"gitId":"pigoliver"},"content":"application {"},{"lineNumber":32,"author":{"gitId":"pigoliver"},"content":"    mainClassName \u003d \"seedu.itlogger.ItLogger\""},{"lineNumber":33,"author":{"gitId":"pigoliver"},"content":"}"},{"lineNumber":34,"author":{"gitId":"pigoliver"},"content":""},{"lineNumber":35,"author":{"gitId":"pigoliver"},"content":"shadowJar {"},{"lineNumber":36,"author":{"gitId":"pigoliver"},"content":"    archiveBaseName \u003d \"itlogger\""},{"lineNumber":37,"author":{"gitId":"pigoliver"},"content":"    archiveClassifier \u003d null"},{"lineNumber":38,"author":{"gitId":"pigoliver"},"content":"}"},{"lineNumber":39,"author":{"gitId":"pigoliver"},"content":""},{"lineNumber":40,"author":{"gitId":"pigoliver"},"content":"checkstyle {"},{"lineNumber":41,"author":{"gitId":"pigoliver"},"content":"    toolVersion \u003d \u00278.23\u0027"},{"lineNumber":42,"author":{"gitId":"pigoliver"},"content":"}"},{"lineNumber":43,"author":{"gitId":"pigoliver"},"content":""},{"lineNumber":44,"author":{"gitId":"pigoliver"},"content":"jar {"},{"lineNumber":45,"author":{"gitId":"pigoliver"},"content":"    manifest {"},{"lineNumber":46,"author":{"gitId":"pigoliver"},"content":"        attributes \u0027Main-Class\u0027: \u0027seedu.itlogger.ItLogger\u0027"},{"lineNumber":47,"author":{"gitId":"pigoliver"},"content":"    }"},{"lineNumber":48,"author":{"gitId":"pigoliver"},"content":"}"},{"lineNumber":49,"author":{"gitId":"pigoliver"},"content":"run{"},{"lineNumber":50,"author":{"gitId":"pigoliver"},"content":"    standardInput \u003d System.in"},{"lineNumber":51,"author":{"gitId":"pigoliver"},"content":"    enableAssertions \u003d true"},{"lineNumber":52,"author":{"gitId":"pigoliver"},"content":"}"}],"authorContributionMap":{"pigoliver":52}},{"path":"gradlew.bat","fileType":"bat","lines":[{"lineNumber":1,"author":{"gitId":"pigoliver"},"content":"@rem"},{"lineNumber":2,"author":{"gitId":"pigoliver"},"content":"@rem Copyright 2015 the original author or authors."},{"lineNumber":3,"author":{"gitId":"pigoliver"},"content":"@rem"},{"lineNumber":4,"author":{"gitId":"pigoliver"},"content":"@rem Licensed under the Apache License, Version 2.0 (the \"License\");"},{"lineNumber":5,"author":{"gitId":"pigoliver"},"content":"@rem you may not use this file except in compliance with the License."},{"lineNumber":6,"author":{"gitId":"pigoliver"},"content":"@rem You may obtain a copy of the License at"},{"lineNumber":7,"author":{"gitId":"pigoliver"},"content":"@rem"},{"lineNumber":8,"author":{"gitId":"pigoliver"},"content":"@rem      https://www.apache.org/licenses/LICENSE-2.0"},{"lineNumber":9,"author":{"gitId":"pigoliver"},"content":"@rem"},{"lineNumber":10,"author":{"gitId":"pigoliver"},"content":"@rem Unless required by applicable law or agreed to in writing, software"},{"lineNumber":11,"author":{"gitId":"pigoliver"},"content":"@rem distributed under the License is distributed on an \"AS IS\" BASIS,"},{"lineNumber":12,"author":{"gitId":"pigoliver"},"content":"@rem WITHOUT WARRANTIES OR CONDITIONS OF ANY KIND, either express or implied."},{"lineNumber":13,"author":{"gitId":"pigoliver"},"content":"@rem See the License for the specific language governing permissions and"},{"lineNumber":14,"author":{"gitId":"pigoliver"},"content":"@rem limitations under the License."},{"lineNumber":15,"author":{"gitId":"pigoliver"},"content":"@rem"},{"lineNumber":16,"author":{"gitId":"pigoliver"},"content":""},{"lineNumber":17,"author":{"gitId":"pigoliver"},"content":"@if \"%DEBUG%\" \u003d\u003d \"\" @echo off"},{"lineNumber":18,"author":{"gitId":"pigoliver"},"content":"@rem ##########################################################################"},{"lineNumber":19,"author":{"gitId":"pigoliver"},"content":"@rem"},{"lineNumber":20,"author":{"gitId":"pigoliver"},"content":"@rem  Gradle startup script for Windows"},{"lineNumber":21,"author":{"gitId":"pigoliver"},"content":"@rem"},{"lineNumber":22,"author":{"gitId":"pigoliver"},"content":"@rem ##########################################################################"},{"lineNumber":23,"author":{"gitId":"pigoliver"},"content":""},{"lineNumber":24,"author":{"gitId":"pigoliver"},"content":"@rem Set local scope for the variables with windows NT shell"},{"lineNumber":25,"author":{"gitId":"pigoliver"},"content":"if \"%OS%\"\u003d\u003d\"Windows_NT\" setlocal"},{"lineNumber":26,"author":{"gitId":"pigoliver"},"content":""},{"lineNumber":27,"author":{"gitId":"pigoliver"},"content":"set DIRNAME\u003d%~dp0"},{"lineNumber":28,"author":{"gitId":"pigoliver"},"content":"if \"%DIRNAME%\" \u003d\u003d \"\" set DIRNAME\u003d."},{"lineNumber":29,"author":{"gitId":"pigoliver"},"content":"set APP_BASE_NAME\u003d%~n0"},{"lineNumber":30,"author":{"gitId":"pigoliver"},"content":"set APP_HOME\u003d%DIRNAME%"},{"lineNumber":31,"author":{"gitId":"pigoliver"},"content":""},{"lineNumber":32,"author":{"gitId":"pigoliver"},"content":"@rem Resolve any \".\" and \"..\" in APP_HOME to make it shorter."},{"lineNumber":33,"author":{"gitId":"pigoliver"},"content":"for %%i in (\"%APP_HOME%\") do set APP_HOME\u003d%%~fi"},{"lineNumber":34,"author":{"gitId":"pigoliver"},"content":""},{"lineNumber":35,"author":{"gitId":"pigoliver"},"content":"@rem Add default JVM options here. You can also use JAVA_OPTS and GRADLE_OPTS to pass JVM options to this script."},{"lineNumber":36,"author":{"gitId":"pigoliver"},"content":"set DEFAULT_JVM_OPTS\u003d\"-Xmx64m\" \"-Xms64m\""},{"lineNumber":37,"author":{"gitId":"pigoliver"},"content":""},{"lineNumber":38,"author":{"gitId":"pigoliver"},"content":"@rem Find java.exe"},{"lineNumber":39,"author":{"gitId":"pigoliver"},"content":"if defined JAVA_HOME goto findJavaFromJavaHome"},{"lineNumber":40,"author":{"gitId":"pigoliver"},"content":""},{"lineNumber":41,"author":{"gitId":"pigoliver"},"content":"set JAVA_EXE\u003djava.exe"},{"lineNumber":42,"author":{"gitId":"pigoliver"},"content":"%JAVA_EXE% -version \u003eNUL 2\u003e\u00261"},{"lineNumber":43,"author":{"gitId":"pigoliver"},"content":"if \"%ERRORLEVEL%\" \u003d\u003d \"0\" goto init"},{"lineNumber":44,"author":{"gitId":"pigoliver"},"content":""},{"lineNumber":45,"author":{"gitId":"pigoliver"},"content":"echo."},{"lineNumber":46,"author":{"gitId":"pigoliver"},"content":"echo ERROR: JAVA_HOME is not set and no \u0027java\u0027 command could be found in your PATH."},{"lineNumber":47,"author":{"gitId":"pigoliver"},"content":"echo."},{"lineNumber":48,"author":{"gitId":"pigoliver"},"content":"echo Please set the JAVA_HOME variable in your environment to match the"},{"lineNumber":49,"author":{"gitId":"pigoliver"},"content":"echo location of your Java installation."},{"lineNumber":50,"author":{"gitId":"pigoliver"},"content":""},{"lineNumber":51,"author":{"gitId":"pigoliver"},"content":"goto fail"},{"lineNumber":52,"author":{"gitId":"pigoliver"},"content":""},{"lineNumber":53,"author":{"gitId":"pigoliver"},"content":":findJavaFromJavaHome"},{"lineNumber":54,"author":{"gitId":"pigoliver"},"content":"set JAVA_HOME\u003d%JAVA_HOME:\"\u003d%"},{"lineNumber":55,"author":{"gitId":"pigoliver"},"content":"set JAVA_EXE\u003d%JAVA_HOME%/bin/java.exe"},{"lineNumber":56,"author":{"gitId":"pigoliver"},"content":""},{"lineNumber":57,"author":{"gitId":"pigoliver"},"content":"if exist \"%JAVA_EXE%\" goto init"},{"lineNumber":58,"author":{"gitId":"pigoliver"},"content":""},{"lineNumber":59,"author":{"gitId":"pigoliver"},"content":"echo."},{"lineNumber":60,"author":{"gitId":"pigoliver"},"content":"echo ERROR: JAVA_HOME is set to an invalid directory: %JAVA_HOME%"},{"lineNumber":61,"author":{"gitId":"pigoliver"},"content":"echo."},{"lineNumber":62,"author":{"gitId":"pigoliver"},"content":"echo Please set the JAVA_HOME variable in your environment to match the"},{"lineNumber":63,"author":{"gitId":"pigoliver"},"content":"echo location of your Java installation."},{"lineNumber":64,"author":{"gitId":"pigoliver"},"content":""},{"lineNumber":65,"author":{"gitId":"pigoliver"},"content":"goto fail"},{"lineNumber":66,"author":{"gitId":"pigoliver"},"content":""},{"lineNumber":67,"author":{"gitId":"pigoliver"},"content":":init"},{"lineNumber":68,"author":{"gitId":"pigoliver"},"content":"@rem Get command-line arguments, handling Windows variants"},{"lineNumber":69,"author":{"gitId":"pigoliver"},"content":""},{"lineNumber":70,"author":{"gitId":"pigoliver"},"content":"if not \"%OS%\" \u003d\u003d \"Windows_NT\" goto win9xME_args"},{"lineNumber":71,"author":{"gitId":"pigoliver"},"content":""},{"lineNumber":72,"author":{"gitId":"pigoliver"},"content":":win9xME_args"},{"lineNumber":73,"author":{"gitId":"pigoliver"},"content":"@rem Slurp the command line arguments."},{"lineNumber":74,"author":{"gitId":"pigoliver"},"content":"set CMD_LINE_ARGS\u003d"},{"lineNumber":75,"author":{"gitId":"pigoliver"},"content":"set _SKIP\u003d2"},{"lineNumber":76,"author":{"gitId":"pigoliver"},"content":""},{"lineNumber":77,"author":{"gitId":"pigoliver"},"content":":win9xME_args_slurp"},{"lineNumber":78,"author":{"gitId":"pigoliver"},"content":"if \"x%~1\" \u003d\u003d \"x\" goto execute"},{"lineNumber":79,"author":{"gitId":"pigoliver"},"content":""},{"lineNumber":80,"author":{"gitId":"pigoliver"},"content":"set CMD_LINE_ARGS\u003d%*"},{"lineNumber":81,"author":{"gitId":"pigoliver"},"content":""},{"lineNumber":82,"author":{"gitId":"pigoliver"},"content":":execute"},{"lineNumber":83,"author":{"gitId":"pigoliver"},"content":"@rem Setup the command line"},{"lineNumber":84,"author":{"gitId":"pigoliver"},"content":""},{"lineNumber":85,"author":{"gitId":"pigoliver"},"content":"set CLASSPATH\u003d%APP_HOME%\\gradle\\wrapper\\gradle-wrapper.jar"},{"lineNumber":86,"author":{"gitId":"pigoliver"},"content":""},{"lineNumber":87,"author":{"gitId":"pigoliver"},"content":"@rem Execute Gradle"},{"lineNumber":88,"author":{"gitId":"pigoliver"},"content":"\"%JAVA_EXE%\" %DEFAULT_JVM_OPTS% %JAVA_OPTS% %GRADLE_OPTS% \"-Dorg.gradle.appname\u003d%APP_BASE_NAME%\" -classpath \"%CLASSPATH%\" org.gradle.wrapper.GradleWrapperMain %CMD_LINE_ARGS%"},{"lineNumber":89,"author":{"gitId":"pigoliver"},"content":""},{"lineNumber":90,"author":{"gitId":"pigoliver"},"content":":end"},{"lineNumber":91,"author":{"gitId":"pigoliver"},"content":"@rem End local scope for the variables with windows NT shell"},{"lineNumber":92,"author":{"gitId":"pigoliver"},"content":"if \"%ERRORLEVEL%\"\u003d\u003d\"0\" goto mainEnd"},{"lineNumber":93,"author":{"gitId":"pigoliver"},"content":""},{"lineNumber":94,"author":{"gitId":"pigoliver"},"content":":fail"},{"lineNumber":95,"author":{"gitId":"pigoliver"},"content":"rem Set variable GRADLE_EXIT_CONSOLE if you need the _script_ return code instead of"},{"lineNumber":96,"author":{"gitId":"pigoliver"},"content":"rem the _cmd.exe /c_ return code!"},{"lineNumber":97,"author":{"gitId":"pigoliver"},"content":"if  not \"\" \u003d\u003d \"%GRADLE_EXIT_CONSOLE%\" exit 1"},{"lineNumber":98,"author":{"gitId":"pigoliver"},"content":"exit /b 1"},{"lineNumber":99,"author":{"gitId":"pigoliver"},"content":""},{"lineNumber":100,"author":{"gitId":"pigoliver"},"content":":mainEnd"},{"lineNumber":101,"author":{"gitId":"pigoliver"},"content":"if \"%OS%\"\u003d\u003d\"Windows_NT\" endlocal"},{"lineNumber":102,"author":{"gitId":"pigoliver"},"content":""},{"lineNumber":103,"author":{"gitId":"pigoliver"},"content":":omega"}],"authorContributionMap":{"pigoliver":103}}]
