{"authorDailyContributionsMap":{"pigoliver":[{"date":"2021-01-18","commitResults":[{"hash":"b83a16571fb64a8ca9b8620fc4b40cd1f8e3f5d9","messageTitle":"A-Gradle","messageBody":"","fileTypesAndContributionMap":{"gradle":{"insertions":52,"deletions":0},"bat":{"insertions":103,"deletions":0}}}]}]},"authorFileTypeContributionMap":{"pigoliver":{"java":0,"md":0,"fxml":0,"sh":0,"bat":103,"gradle":52,"txt":0}},"authorContributionVariance":{"pigoliver":2627.7344},"authorDisplayNameMap":{"pigoliver":"TIC4002-F18-3 HONG..HENG"}}
