{"authorDailyContributionsMap":{"adi-kd0021":[{"date":"0001-08-21","commitResults":[{"hash":"23b837ad79f5a5febe0e85cda7c85aebdb27000a","messageTitle":"Level 1. Greet, Echo, Exit","messageBody":"","tags":["Level-1"],"fileTypesAndContributionMap":{"java":{"insertions":19,"deletions":1}}}]},{"date":"2020-08-21","commitResults":[{"hash":"e75da2083968031966d128410ad91a68c34a9661","messageTitle":"Level 0. Greet","messageBody":"","tags":["Level-0"],"fileTypesAndContributionMap":{"java":{"insertions":9,"deletions":1}}},{"hash":"4374ab3244cdf445804fecb054e6caa3e5ada10e","messageTitle":"Level 2. Add, List","messageBody":"","tags":["Level-2"],"fileTypesAndContributionMap":{"java":{"insertions":46,"deletions":5}}},{"hash":"a895ade2e22f3d724da59ca6ac369746ec49efb3","messageTitle":"Level 2. Add, List","messageBody":"Slight modification\n","fileTypesAndContributionMap":{"java":{"insertions":8,"deletions":0}}},{"hash":"cf0d5a86c629e4b70f935c5d22ecb44500906bb4","messageTitle":"Level 3. Mark as Done","messageBody":"","tags":["Level-3"],"fileTypesAndContributionMap":{"java":{"insertions":25,"deletions":4}}}]},{"date":"2020-08-25","commitResults":[{"hash":"dd30381d24aa7f69a402555fd4c8f3da88a9f546","messageTitle":"Added Deadline/ Task /Event with Task as Abstract as well as Constants and TaskList","messageBody":"","fileTypesAndContributionMap":{"java":{"insertions":398,"deletions":82},"bat":{"insertions":2,"deletions":2},"md":{"insertions":2,"deletions":2}}}]},{"date":"2020-08-27","commitResults":[{"hash":"ff628e7a67bf3f4363790f5e537ce4bb33fe4963","messageTitle":"Level-4 - Adjusted the  Deadline/ Task /Event as well as Constants and TaskList","messageBody":"","tags":["Level-4"],"fileTypesAndContributionMap":{"java":{"insertions":164,"deletions":40}}}]},{"date":"2020-08-28","commitResults":[{"hash":"661a07695e6daeda99f87c441d782984a5122f9f","messageTitle":"A-CodingStandard - Changed the code to adhere to coding standards/ uniform style","messageBody":"","tags":["A-CodingStandard"],"fileTypesAndContributionMap":{"txt":{"insertions":1,"deletions":0},"java":{"insertions":39,"deletions":46},"bat":{"insertions":3,"deletions":2},"sh":{"insertions":1,"deletions":1}}}]},{"date":"2020-09-04","commitResults":[{"hash":"cc8d80a41727c54ab00abd3c9b9c998d1cbd7bfb","messageTitle":"Branch-Level-5","messageBody":"Re-modified Constants to adhere to coding standards.\nAdjusted Packages\n","tags":["Level-5"],"fileTypesAndContributionMap":{"java":{"insertions":110,"deletions":124},"bat":{"insertions":5,"deletions":3},"sh":{"insertions":1,"deletions":1},"md":{"insertions":2,"deletions":2}}},{"hash":"14e46995003391dcc87ebdf00b7b97c96e3ba5dd","messageTitle":"A-CodeQuality","messageBody":"Quality is there\n","fileTypesAndContributionMap":{"java":{"insertions":3,"deletions":0}}}]},{"date":"2020-09-10","commitResults":[{"hash":"9210ac3f43b263765be56a32d858639ffb2937ef","messageTitle":"Fixed javac compile and the runtest.bat file A-text-ui-test","messageBody":"","tags":["A-TextUiTesting"],"fileTypesAndContributionMap":{"txt":{"insertions":2,"deletions":1},"java":{"insertions":10,"deletions":5},"bat":{"insertions":2,"deletions":3}}},{"hash":"31bc066afa382055519061a2f8b067ac29b376d8","messageTitle":"branch-Level-6","messageBody":"","fileTypesAndContributionMap":{"java":{"insertions":42,"deletions":29}}}]},{"date":"2020-09-11","commitResults":[{"hash":"18c960ef4106c0805b7e3d4db4dcf60ea90a31f0","messageTitle":"branch-Level-7","messageBody":"Finished save function\n","fileTypesAndContributionMap":{"txt":{"insertions":3,"deletions":0},"java":{"insertions":166,"deletions":13}}},{"hash":"6e0c81034290033189f145a5e87d5bf27b07fb51","messageTitle":"branch-A-JavaDoc","messageBody":"Finished javadoc comments for this iteration\n","fileTypesAndContributionMap":{"java":{"insertions":45,"deletions":11}}}]},{"date":"2020-09-17","commitResults":[{"hash":"c610621f68235745440b760f33c63d0d28cd8fc3","messageTitle":"branch-Level-9 Added in find command and function","messageBody":"","fileTypesAndContributionMap":{"txt":{"insertions":3,"deletions":0},"java":{"insertions":49,"deletions":0}}},{"hash":"2389d2dcd7b8843af9b112e8e488b9a1797d1a85","messageTitle":"Committing tasks.txt to pull branch-Level-9","messageBody":"","fileTypesAndContributionMap":{"txt":{"insertions":0,"deletions":3}}}]},{"date":"2020-09-18","commitResults":[{"hash":"f5b301c036edc3bfd31e39d7cc6f958045c9f69a","messageTitle":"branch-A-JUnit Added in some JUnit tests","messageBody":"","fileTypesAndContributionMap":{"java":{"insertions":51,"deletions":0}}}]},{"date":"2020-09-28","commitResults":[{"hash":"5b29160b0bfc0cf905873101d26cd23e9472b537","messageTitle":"Test markdown commit","messageBody":"","fileTypesAndContributionMap":{"txt":{"insertions":1,"deletions":0},"java":{"insertions":58,"deletions":35},"bat":{"insertions":2,"deletions":2},"md":{"insertions":26,"deletions":2}}}]},{"date":"2020-09-29","commitResults":[{"hash":"07ce1971558699645cec9077769465f85fbc7d28","messageTitle":"A-UserGuide Plus did alot of bug fixing and testing","messageBody":"","tags":["A-UserGuide"],"fileTypesAndContributionMap":{"txt":{"insertions":0,"deletions":4},"java":{"insertions":133,"deletions":61},"md":{"insertions":212,"deletions":17}}}]},{"date":"2021-01-21","commitResults":[{"hash":"8857138dc50b01dff927859c9f466b10748e61ac","messageTitle":"added-gradle-support Also added checkstyle","messageBody":"","tags":["A-StricterCodingStandard"],"fileTypesAndContributionMap":{"gradle":{"insertions":1,"deletions":0},"java":{"insertions":2,"deletions":0}}}]},{"date":"2021-01-22","commitResults":[{"hash":"b9ea02e9c3301b39be1e6e33bff1653fd20040bc","messageTitle":"added-gradle-support Also added checkstyle","messageBody":"","fileTypesAndContributionMap":{"java":{"insertions":95,"deletions":96}}}]},{"date":"2021-01-28","commitResults":[{"hash":"fb616ab86d85c02982ba3bbe1395ee32bcee98c5","messageTitle":"Fixed alot of CheckStyle errors","messageBody":"","tags":["A-CheckStyle"],"fileTypesAndContributionMap":{"java":{"insertions":88,"deletions":39}}},{"hash":"4be111ab3e5e706d97d67dcba8de0c3565b33a42","messageTitle":"Add javaFX","messageBody":"","fileTypesAndContributionMap":{"gradle":{"insertions":13,"deletions":0}}}]},{"date":"2021-01-29","commitResults":[{"hash":"4227ff13ebe784ff6ae6eac4c1351be16d6f34ec","messageTitle":"Add javaFX configuration Fixed all CheckStyle errors","messageBody":"","tags":["Level-10"],"fileTypesAndContributionMap":{"java":{"insertions":75,"deletions":48}}}]},{"date":"2021-02-05","commitResults":[{"hash":"aa2b6316ca490ca858b455e76c491b3c2781d5c5","messageTitle":"Testing out JavaFX stuffs","messageBody":"","fileTypesAndContributionMap":{"gradle":{"insertions":1,"deletions":1},"java":{"insertions":220,"deletions":147}}}]},{"date":"2021-02-22","commitResults":[{"hash":"91ec94c9b9a2d9215acd730edcc87ef3c306fa51","messageTitle":"Added FXML","messageBody":"","fileTypesAndContributionMap":{"fxml":{"insertions":35,"deletions":0},"java":{"insertions":161,"deletions":80}}},{"hash":"6b39bcc4b821ebfc9b65e2b73df2b16654d2b05e","messageTitle":"Adjusted IP Code to suit JavaFX.","messageBody":"Something is still breaking...\n","fileTypesAndContributionMap":{"fxml":{"insertions":1,"deletions":1},"java":{"insertions":261,"deletions":266}}},{"hash":"c1ddb5d3c279644792797791b4585a57ddaa353e","messageTitle":"Adjusted IP Code to suit JavaFX.","messageBody":"Okay it seems to be working now...\n","fileTypesAndContributionMap":{"java":{"insertions":5,"deletions":1}}},{"hash":"da0687d49ec3f9dac8cbaeee173c3d1586e16705","messageTitle":"Adjusted build.gradle to specify the correct main class for jar file creation.","messageBody":"","tags":["v1.0","A-CI"],"fileTypesAndContributionMap":{"gradle":{"insertions":1,"deletions":1},"java":{"insertions":31,"deletions":28}}},{"hash":"81edff973dde39420dd8f60e635a621e9b8b2617","messageTitle":"Fixed CheckStyle errors.","messageBody":"","fileTypesAndContributionMap":{"java":{"insertions":115,"deletions":142}}}]},{"date":"2021-02-23","commitResults":[{"hash":"048100407a666a23972a773155faaa62481edf12","messageTitle":"Amended the README.md Added in relevant icon and Ui.png","messageBody":"","fileTypesAndContributionMap":{"java":{"insertions":4,"deletions":0},"md":{"insertions":247,"deletions":234}}},{"hash":"3a03428c7fbf2ee8dbff65f7b8665c7e2116e42c","messageTitle":"Amended Readme.md Renamed Ui.png","messageBody":"","fileTypesAndContributionMap":{"md":{"insertions":1,"deletions":1}}},{"hash":"71b019585c628a29f65f9e8e97fdeb886f156a6e","messageTitle":"Changed some images and attempted to style the UI","messageBody":"","fileTypesAndContributionMap":{"fxml":{"insertions":6,"deletions":1},"java":{"insertions":33,"deletions":16}}}]},{"date":"2021-02-24","commitResults":[{"hash":"f20045022f76cb71f21dd7e7e3a0ee1571095e6f","messageTitle":"Added in Tagging for Tasks.","messageBody":"","tags":["BCD-Extension"],"fileTypesAndContributionMap":{"java":{"insertions":166,"deletions":19}}},{"hash":"662c7912c01fa09a9a0290972ce8cee1f28c9c44","messageTitle":"Update DeveloperGuide.md","messageBody":"","fileTypesAndContributionMap":{"md":{"insertions":147,"deletions":1}}},{"hash":"2fb1f7ee145e2296745d262e240ca2c0c1230149","messageTitle":"Update DeveloperGuide.md","messageBody":"","fileTypesAndContributionMap":{"md":{"insertions":9,"deletions":8}}},{"hash":"74f6c5f5454189d893d41672bee782ceb17a786f","messageTitle":"Update DeveloperGuide.md","messageBody":"","fileTypesAndContributionMap":{"md":{"insertions":1,"deletions":1}}},{"hash":"d53fd155d197720d1cc7bc654f7b51a551549e5b","messageTitle":"Increase Code quality","messageBody":"","tags":["A-HigherCodingQuality"],"fileTypesAndContributionMap":{"java":{"insertions":12,"deletions":51}}}]}]},"authorFileTypeContributionMap":{"adi-kd0021":{"java":1263,"md":396,"fxml":40,"sh":1,"bat":5,"gradle":15,"txt":2}},"authorContributionVariance":{"adi-kd0021":672.80457},"authorDisplayNameMap":{"adi-kd0021":"TIC4002-F18-4 ADI ..KARI"}}
