{"authorDailyContributionsMap":{"dgc5213":[{"date":"2020-08-21","commitResults":[{"hash":"487ae4c0c39fc29328cfe8e2b796fb5a26e0daaf","messageTitle":"Level 0","messageBody":"","tags":["Level-0"],"fileTypesAndContributionMap":{"java":{"insertions":6,"deletions":6}}}]},{"date":"2020-08-22","commitResults":[{"hash":"e85a23d60f36727265667ce7fd68e92c238f9101","messageTitle":"Level-1","messageBody":"","tags":["Level-1"],"fileTypesAndContributionMap":{"java":{"insertions":87,"deletions":6}}},{"hash":"2cba467d3970e6df017f0f7721b6cf1f9153efa6","messageTitle":"Level-2","messageBody":"","tags":["Level-2"],"fileTypesAndContributionMap":{"java":{"insertions":94,"deletions":10}}},{"hash":"898a39216faceaaf8e65f026515cb3644b9f32a7","messageTitle":"Level-3","messageBody":"","tags":["Level-3"],"fileTypesAndContributionMap":{"java":{"insertions":56,"deletions":20}}}]},{"date":"2020-08-23","commitResults":[{"hash":"557990bff82f70aaf66c6c5d01f67898c39c33c0","messageTitle":"Level-4","messageBody":"","tags":["Level-4"],"fileTypesAndContributionMap":{"java":{"insertions":121,"deletions":18}}}]},{"date":"2020-08-26","commitResults":[{"hash":"d63e772d126e80683f5ab9e3fc92c398906655e1","messageTitle":"A-TextUiTesting","messageBody":"","tags":["A-TextUiTesting"],"fileTypesAndContributionMap":{"txt":{"insertions":1,"deletions":0},"java":{"insertions":36,"deletions":10},"bat":{"insertions":2,"deletions":1},"sh":{"insertions":1,"deletions":1}}}]},{"date":"2020-08-27","commitResults":[{"hash":"6048ac469ec33712d62c75d3e7b2520d22f79436","messageTitle":"A-CodingStandard","messageBody":"","tags":["A-CodingStandard"],"fileTypesAndContributionMap":{"java":{"insertions":180,"deletions":45}}}]},{"date":"2020-08-29","commitResults":[{"hash":"068ff473ac2f2793b73f368fc84f32826099a329","messageTitle":"branch-Level-5","messageBody":"","tags":["Level-5"],"fileTypesAndContributionMap":{"java":{"insertions":9,"deletions":6}}}]},{"date":"2020-08-30","commitResults":[{"hash":"75f97095f7160dde2f3c5ecfafae679203fd5289","messageTitle":"A-CodeQuality","messageBody":"","tags":["A-CodeQuality"],"fileTypesAndContributionMap":{"java":{"insertions":3,"deletions":0}}},{"hash":"66fbd1abb2863229d8189eed3b080fa84a0fbe6b","messageTitle":"A-AbstractClasses","messageBody":"","fileTypesAndContributionMap":{"java":{"insertions":2,"deletions":1}}},{"hash":"db9b41a664ee80b875a9f231be2c5ab325eb1c03","messageTitle":"A-Packages","messageBody":"","tags":["A-Packages"],"fileTypesAndContributionMap":{"java":{"insertions":1,"deletions":1}}}]},{"date":"2020-09-04","commitResults":[{"hash":"eb21317bf3b5d6e875a514032aa33dbe09f84cff","messageTitle":"Level-5","messageBody":"","fileTypesAndContributionMap":{"java":{"insertions":2,"deletions":0}}},{"hash":"006a8a6f2c84f55abcb1df56e884dcddc6f8d3eb","messageTitle":"branch-A-CodeQuality","messageBody":"","fileTypesAndContributionMap":{"java":{"insertions":0,"deletions":2}}},{"hash":"c8860e3202398106226a0da9dd06bc4641dfcdcf","messageTitle":"branch-A-CodeQuality","messageBody":"","fileTypesAndContributionMap":{"java":{"insertions":1,"deletions":0}}},{"hash":"06a17fbf986cb8ebfdf4bbe6e6fbe2a196bad55e","messageTitle":"branch-A-CodeQuality","messageBody":"","fileTypesAndContributionMap":{"java":{"insertions":0,"deletions":1}}},{"hash":"bfb6648dc44dae405e1548b844860b01fb60581a","messageTitle":"branch-A-CodeQuality","messageBody":"","fileTypesAndContributionMap":{"java":{"insertions":1,"deletions":0}}},{"hash":"5c1ff72d64a26b8994af805848464e63f97b18d9","messageTitle":"test","messageBody":"","fileTypesAndContributionMap":{"java":{"insertions":1,"deletions":1}}},{"hash":"8eccc3f3409c67682fd131129596c7a63de33449","messageTitle":"yt test branch","messageBody":"","fileTypesAndContributionMap":{"java":{"insertions":1,"deletions":0}}},{"hash":"2cc6c33c1852c36a8f9d4a5bcaecf19a92b3612c","messageTitle":"branch-A-CodeQuality: to added","messageBody":"","fileTypesAndContributionMap":{"java":{"insertions":2,"deletions":1}}},{"hash":"bbcc229e9730bade70fd747536fe24d0c8b9be42","messageTitle":"add test.java","messageBody":"","fileTypesAndContributionMap":{"java":{"insertions":2,"deletions":0}}},{"hash":"1863b92b81272b1172cf93e3f55b26de038113e4","messageTitle":"Revert \"branch-A-CodeQuality\"","messageBody":"This reverts commit bfb6648d\n","fileTypesAndContributionMap":{"java":{"insertions":0,"deletions":1}}},{"hash":"a7501394f122b94ef717810e0482da0cc1b54893","messageTitle":"remove test.java","messageBody":"","fileTypesAndContributionMap":{"java":{"insertions":0,"deletions":2}}},{"hash":"a7e3528fb2bf9d3d8e956b62dac6bbea3adab88b","messageTitle":"remove testing text","messageBody":"","fileTypesAndContributionMap":{"java":{"insertions":0,"deletions":1}}}]},{"date":"2020-09-06","commitResults":[{"hash":"c40a5bdd5e9c3ca5d8d2bec829bd678f93208d23","messageTitle":"Level 5:No change","messageBody":"","fileTypesAndContributionMap":{"java":{"insertions":286,"deletions":10}}},{"hash":"65434c27d1d8d47c6662147c581d0021f0db1452","messageTitle":"Level 6: add delete","messageBody":"","fileTypesAndContributionMap":{"java":{"insertions":5,"deletions":5}}},{"hash":"892128417de5dd11386c0176df0c5997caeee344","messageTitle":"Level 7: add save","messageBody":"","fileTypesAndContributionMap":{"java":{"insertions":137,"deletions":137}}},{"hash":"37fd6885a905973d40b17faeb632f58a0371e727","messageTitle":"A-JavaDoc: Add JavaDoc","messageBody":"","fileTypesAndContributionMap":{"java":{"insertions":8,"deletions":1}}}]},{"date":"2020-09-10","commitResults":[{"hash":"4d52fc555867207d0df420fa0af1e7507daa87ef","messageTitle":"A-JavaDoc: Add JavaDoc comments","messageBody":"","fileTypesAndContributionMap":{"txt":{"insertions":6,"deletions":0},"java":{"insertions":13,"deletions":10}}},{"hash":"2d0a9967aeb0243eebfa3bec6d5da71cbf28205d","messageTitle":"Level 7: edit save function:read from file","messageBody":"","fileTypesAndContributionMap":{"java":{"insertions":14,"deletions":1}}},{"hash":"154b578a237b7190e95a49f9bd83260422ef3a5b","messageTitle":"Level 7: edit save function:read from file v2","messageBody":"","tags":["v0.1","A-Jar","A-Exceptions"],"fileTypesAndContributionMap":{"txt":{"insertions":1,"deletions":0},"java":{"insertions":16,"deletions":8}}}]},{"date":"2020-09-13","commitResults":[{"hash":"2d0ca048a88b709e02e3561ae232d52cf6f3cdb4","messageTitle":"A-MoreOOP:Make the code more OOP","messageBody":"","tags":["A-MoreOOP"],"fileTypesAndContributionMap":{"txt":{"insertions":0,"deletions":7},"java":{"insertions":430,"deletions":161}}},{"hash":"cd8f6951b32b916ac1fdccc21636c60156b155f4","messageTitle":"Edit MoreOOP","messageBody":"","fileTypesAndContributionMap":{"java":{"insertions":0,"deletions":1}}}]},{"date":"2020-09-14","commitResults":[{"hash":"ddcf83769e410da058926f714d7ae2744dd54b51","messageTitle":"Level 8. Dates and Times","messageBody":"","fileTypesAndContributionMap":{"java":{"insertions":257,"deletions":0}}},{"hash":"afe02423c1115f3ddd2dc24c6279cf27a33fcd58","messageTitle":"Level 9: Find","messageBody":"","fileTypesAndContributionMap":{"java":{"insertions":1,"deletions":1}}},{"hash":"c86d5f29841f5ebcc6374c9248384e614a68d9e2","messageTitle":"Add A JUnit","messageBody":"","fileTypesAndContributionMap":{"java":{"insertions":56,"deletions":80}}}]},{"date":"2020-09-18","commitResults":[{"hash":"9ba327716c1768a0f204e914a3489a0f3f81ef77","messageTitle":"add A-AbstractClasses, rearrange code","messageBody":"","fileTypesAndContributionMap":{"java":{"insertions":223,"deletions":104}}},{"hash":"40e6a51b86dbbf08122ba9c571d13406f90af064","messageTitle":"add branch-A-Packages, rearrange code","messageBody":"","fileTypesAndContributionMap":{"java":{"insertions":13,"deletions":8}}}]},{"date":"2020-09-23","commitResults":[{"hash":"8082ff19ba46cf3c0f80def17b52ad7a5846f8d9","messageTitle":"add: Published UG","messageBody":"","fileTypesAndContributionMap":{"java":{"insertions":74,"deletions":101},"md":{"insertions":270,"deletions":6}}}]},{"date":"2020-09-25","commitResults":[{"hash":"64f00ee4f6ace3d51d2ba1f0de25f31697634787","messageTitle":"add: A-AbstractClasses","messageBody":"","fileTypesAndContributionMap":{"java":{"insertions":24,"deletions":24}}}]},{"date":"2020-09-26","commitResults":[{"hash":"ef63e88a67b9d2f5084dc3f2752f31098fd37341","messageTitle":"add: Final Jar","messageBody":"","tags":["v0.2"],"fileTypesAndContributionMap":{"txt":{"insertions":9,"deletions":0},"java":{"insertions":0,"deletions":4}}}]},{"date":"2021-01-22","commitResults":[{"hash":"74b1cf5894838924c7de043e48b29ae5764aa1f7","messageTitle":"ADD A-Gradle","messageBody":"","tags":["A-Gradle"],"fileTypesAndContributionMap":{"gradle":{"insertions":50,"deletions":0}}}]},{"date":"2021-01-23","commitResults":[{"hash":"4a2b196be770d0343bb173be1e1dd9d065a00ea5","messageTitle":"ADD A-StricterCodingStandard, A-CheckStyle","messageBody":"","tags":["A-CheckStyle"],"fileTypesAndContributionMap":{"java":{"insertions":322,"deletions":331},"md":{"insertions":5,"deletions":5}}}]},{"date":"2021-01-28","commitResults":[{"hash":"0029620e325c5e9f0a64ae965869c1d53320cad4","messageTitle":"ADD GUI, Edit commands, Create JAR","messageBody":"","tags":["Level-10"],"fileTypesAndContributionMap":{"gradle":{"insertions":16,"deletions":0},"txt":{"insertions":4,"deletions":1},"java":{"insertions":790,"deletions":140}}},{"hash":"a266e851f612bcd7469579b389357703b6179d43","messageTitle":"ADD GUI, Edit commands, Create JAR, Level 10","messageBody":"","fileTypesAndContributionMap":{"gradle":{"insertions":10,"deletions":0},"bat":{"insertions":104,"deletions":0}}}]},{"date":"2021-01-31","commitResults":[{"hash":"02ec70a7618a858bc8bfcfa6a6480af778758159","messageTitle":"Set up CI","messageBody":"","fileTypesAndContributionMap":{"txt":{"insertions":10,"deletions":8},"java":{"insertions":239,"deletions":134}}},{"hash":"2644b9effe6519d69040414431f30331a02e82e9","messageTitle":"fix Jar issue","messageBody":"","fileTypesAndContributionMap":{"gradle":{"insertions":8,"deletions":2}}},{"hash":"7b8a46c06f9e470d3df989a9e0d365adb05e2f28","messageTitle":"fix Jar issue","messageBody":"","fileTypesAndContributionMap":{"gradle":{"insertions":1,"deletions":0}}}]},{"date":"2021-02-02","commitResults":[{"hash":"aa2445ac592c3f0c5dd5c9c6f3ebb7833ecbcb85","messageTitle":"Add CI v2","messageBody":"","fileTypesAndContributionMap":{"md":{"insertions":288,"deletions":283}}},{"hash":"1ce8cf60b386e1a5e1f7117be290618652f1dd99","messageTitle":"Add CI v2","messageBody":"","fileTypesAndContributionMap":{"md":{"insertions":1,"deletions":0}}}]},{"date":"2021-02-03","commitResults":[{"hash":"66e99f72a49df9f0145bfe2340a0ea05a863c107","messageTitle":"Add BCD-Extension: Sort by Task Status, Description","messageBody":"","fileTypesAndContributionMap":{"txt":{"insertions":14,"deletions":9},"java":{"insertions":185,"deletions":226}}}]},{"date":"2021-02-11","commitResults":[{"hash":"6d15f50b29ea6f61cd99efbaf04a858ea86268c1","messageTitle":"add A-HigherCodingQuality","messageBody":"","fileTypesAndContributionMap":{"txt":{"insertions":6,"deletions":6},"java":{"insertions":72,"deletions":79}}},{"hash":"ded142448fb2fe2fd16845b0463c97071c574817","messageTitle":"add A-HigherCodingQuality","messageBody":"","tags":["A-HigherCodingQuality_v2"],"fileTypesAndContributionMap":{"java":{"insertions":5,"deletions":0}}}]},{"date":"2021-02-17","commitResults":[{"hash":"5505382a902fec6759bef448c79f23ebc86c085a","messageTitle":"add Update the website, A-Release","messageBody":"","tags":["A-Release_v2"],"fileTypesAndContributionMap":{"txt":{"insertions":1,"deletions":7},"java":{"insertions":4,"deletions":1},"md":{"insertions":154,"deletions":4}}},{"hash":"0367683d20a9436423599161386f521bd78cf775","messageTitle":"check Update the website, A-Release","messageBody":"","fileTypesAndContributionMap":{"txt":{"insertions":1,"deletions":1},"java":{"insertions":0,"deletions":4},"md":{"insertions":1,"deletions":1}}},{"hash":"1b9c77fc7fbbcd8fe07c127dd8b9afda284c205a","messageTitle":"Update README.md","messageBody":"Edit Ui URL","fileTypesAndContributionMap":{"md":{"insertions":5,"deletions":2}}},{"hash":"9c6f5dbfa3234f518a1f0b3a249fe714c9ce75f5","messageTitle":"Update README.md","messageBody":"test Edit Ui png","fileTypesAndContributionMap":{"md":{"insertions":1,"deletions":1}}},{"hash":"0d55af1ff225c9dfa2fcbbca40e230fb2e014c48","messageTitle":"Update README.md","messageBody":"","tags":["v0.4"],"fileTypesAndContributionMap":{"md":{"insertions":1,"deletions":1}}}]},{"date":"2021-02-20","commitResults":[{"hash":"a0accec3b2e06c83f429635001e166cb9af5beb6","messageTitle":"edit ui.png","messageBody":"","fileTypesAndContributionMap":{"md":{"insertions":1,"deletions":4}}},{"hash":"9b971cc02720c333c0635404038f603f59b4efe4","messageTitle":"edit ui.png","messageBody":"","fileTypesAndContributionMap":{"md":{"insertions":1,"deletions":0}}},{"hash":"a01ba59345df240e5f40e04f3d58058237a79175","messageTitle":"edit ui.png","messageBody":"","fileTypesAndContributionMap":{"md":{"insertions":2,"deletions":0}}},{"hash":"3f61d16587fdb2ae9913812443e89354765469dc","messageTitle":"edit ui.png","messageBody":"","fileTypesAndContributionMap":{"md":{"insertions":2,"deletions":0}}},{"hash":"8384aabb5f9e46d415f6ebf8805e205ab3f055c8","messageTitle":"edit ui.png","messageBody":"","fileTypesAndContributionMap":{"md":{"insertions":2,"deletions":2}}},{"hash":"b4b53dd7cb99c066cddb9b2d32ab26a21abe013f","messageTitle":"edit ui.png","messageBody":"","fileTypesAndContributionMap":{"md":{"insertions":2,"deletions":2}}},{"hash":"aa89eec9289671e83baf9774ae5100d8d2fe5bac","messageTitle":"edit ui.png","messageBody":"","fileTypesAndContributionMap":{"md":{"insertions":2,"deletions":0}}},{"hash":"418c1e3ae40190bbef559c88dc5c8e95d78a1557","messageTitle":"edit ui.png","messageBody":"","fileTypesAndContributionMap":{"md":{"insertions":2,"deletions":6}}},{"hash":"da245b3f8fda7eeb4da7bbed265995076e804ac0","messageTitle":"edit ui.png","messageBody":"","fileTypesAndContributionMap":{"md":{"insertions":2,"deletions":2}}},{"hash":"5e4046378bfbc9f95d85506270da11034fd60cf3","messageTitle":"edit ui.png","messageBody":"","fileTypesAndContributionMap":{"md":{"insertions":2,"deletions":2}}},{"hash":"2ffc226fc68802448ed01a92f7a7c640569927c7","messageTitle":"edit ui.png","messageBody":"","fileTypesAndContributionMap":{"md":{"insertions":2,"deletions":2}}}]},{"date":"2021-03-13","commitResults":[{"hash":"0a6d34666050f836844320afbdaa8997e865583b","messageTitle":"edit DG,UG","messageBody":"","fileTypesAndContributionMap":{"md":{"insertions":57,"deletions":48}}}]},{"date":"2021-03-14","commitResults":[{"hash":"0b87750fafd93412d99587ed7a68f901f99178bb","messageTitle":"Add diagrams","messageBody":"","fileTypesAndContributionMap":{"java":{"insertions":1,"deletions":2}}},{"hash":"3c0d592f1b2caf4e28a7eda7a019c849d0c538b6","messageTitle":"Edit event command","messageBody":"","fileTypesAndContributionMap":{"txt":{"insertions":5,"deletions":0},"java":{"insertions":70,"deletions":45}}},{"hash":"7e3cf63dc0e84e5882ab75ae4dfc2ae634c8eec1","messageTitle":"Edit command","messageBody":"","fileTypesAndContributionMap":{"txt":{"insertions":3,"deletions":1},"java":{"insertions":103,"deletions":73}}},{"hash":"3dfd568773d5fa5702051bbe893252d0b5bcc807","messageTitle":"Edit command UML, Fix Storage issue","messageBody":"","fileTypesAndContributionMap":{"txt":{"insertions":3,"deletions":20},"java":{"insertions":55,"deletions":54},"md":{"insertions":1,"deletions":1}}},{"hash":"073fe36ed40b57d5b256fe51a6eab250eeb3867d","messageTitle":"Edit command UML, DG, UG","messageBody":"","fileTypesAndContributionMap":{"md":{"insertions":30,"deletions":11}}},{"hash":"15bef4e9f8ed5e2a42752ca7e8dc8fc6afb1ecc5","messageTitle":"Edit command UML, DG, UG","messageBody":"","fileTypesAndContributionMap":{"md":{"insertions":3,"deletions":3}}},{"hash":"20a24899d03b396d5b884958e184e7bb8c84d413","messageTitle":"Edit command UML, DG, UG","messageBody":"","fileTypesAndContributionMap":{"txt":{"insertions":18,"deletions":3},"md":{"insertions":2,"deletions":2}}}]}]},"authorFileTypeContributionMap":{"dgc5213":{"java":2138,"md":469,"fxml":40,"sh":1,"bat":106,"gradle":83,"txt":19}},"authorContributionVariance":{"dgc5213":17230.715},"authorDisplayNameMap":{"dgc5213":"TIC4002-F18-2 LIN ..TONG"}}
