[{"path":"docs/README.md","fileType":"md","lines":[{"lineNumber":1,"author":{"gitId":"-"},"content":"# Jojo User Guide"},{"lineNumber":2,"author":{"gitId":"-"},"content":"Jojo, a Personal Assistant Chatbot with Java-based Command Line Interface (CLI), that helps users to keep track of various things. "},{"lineNumber":3,"author":{"gitId":"-"},"content":""},{"lineNumber":4,"author":{"gitId":"-"},"content":"## Quick Start"},{"lineNumber":5,"author":{"gitId":"-"},"content":"1. Ensure you have Java 11 or above installed in your Computer."},{"lineNumber":6,"author":{"gitId":"-"},"content":"2. Download the latest ip.jar [here](https://github.com/daiweinus/ip/releases)."},{"lineNumber":7,"author":{"gitId":"-"},"content":"3. Open the Terminal/Command Prompt."},{"lineNumber":8,"author":{"gitId":"-"},"content":"4. Navigate to the project’s out\\artifacts\\ip_jar."},{"lineNumber":9,"author":{"gitId":"-"},"content":"5. Launch the Jojo Chatbot by running the command java -jar ip.jar."},{"lineNumber":10,"author":{"gitId":"-"},"content":"6. Type the command in the CLI program and press Enter to execute it.  "},{"lineNumber":11,"author":{"gitId":"-"},"content":"   Some example commands you can try:"},{"lineNumber":12,"author":{"gitId":"-"},"content":"   + ` todo borrow book `"},{"lineNumber":13,"author":{"gitId":"-"},"content":"   + `deadline return book /by 2020-09-25`"},{"lineNumber":14,"author":{"gitId":"-"},"content":"   + `event project meeting /at meeting room #1-12`"},{"lineNumber":15,"author":{"gitId":"-"},"content":""},{"lineNumber":16,"author":{"gitId":"-"},"content":"## Features "},{"lineNumber":17,"author":{"gitId":"-"},"content":"+ Adding a Todo task: todo"},{"lineNumber":18,"author":{"gitId":"-"},"content":"+ Adding a Deadline task: deadline"},{"lineNumber":19,"author":{"gitId":"-"},"content":"+ Adding an Event task: event"},{"lineNumber":20,"author":{"gitId":"-"},"content":"+ Listing all tasks: list"},{"lineNumber":21,"author":{"gitId":"-"},"content":"+ Finding a tasks containing any keyword: find KEY_WORD"},{"lineNumber":22,"author":{"gitId":"-"},"content":"+ Deleting a task : delete INDEX"},{"lineNumber":23,"author":{"gitId":"-"},"content":"+ Marking as Done of a task: done INDEX"},{"lineNumber":24,"author":{"gitId":"-"},"content":"+ Exiting the program : bye"},{"lineNumber":25,"author":{"gitId":"-"},"content":"+ Saving the tasks to local: save"},{"lineNumber":26,"author":{"gitId":"-"},"content":""},{"lineNumber":27,"author":{"gitId":"-"},"content":"Notes about the command format:"},{"lineNumber":28,"author":{"gitId":"-"},"content":"+ Words in UPPER_CASE are the parameters to be supplied by the user.  "},{"lineNumber":29,"author":{"gitId":"-"},"content":"  ` E.g. DESCRIPTION in the command todo DESCRIPTION. `"},{"lineNumber":30,"author":{"gitId":"-"},"content":""},{"lineNumber":31,"author":{"gitId":"-"},"content":"## Feature 1: Adding a Todo task: todo "},{"lineNumber":32,"author":{"gitId":"-"},"content":"Adds a Todo task in the list. ToDos: tasks without any date/time attached."},{"lineNumber":33,"author":{"gitId":"-"},"content":""},{"lineNumber":34,"author":{"gitId":"-"},"content":"### Usage"},{"lineNumber":35,"author":{"gitId":"-"},"content":"Example of usage:"},{"lineNumber":36,"author":{"gitId":"-"},"content":"```"},{"lineNumber":37,"author":{"gitId":"-"},"content":"todo Read book"},{"lineNumber":38,"author":{"gitId":"-"},"content":"```"},{"lineNumber":39,"author":{"gitId":"-"},"content":""},{"lineNumber":40,"author":{"gitId":"-"},"content":"Expected outcome:"},{"lineNumber":41,"author":{"gitId":"-"},"content":"```"},{"lineNumber":42,"author":{"gitId":"-"},"content":"Got it. I\u0027ve added this task:"},{"lineNumber":43,"author":{"gitId":"-"},"content":"  [T][✘] borrow book"},{"lineNumber":44,"author":{"gitId":"-"},"content":"Now you have 1 tasks in the list."},{"lineNumber":45,"author":{"gitId":"-"},"content":"```"},{"lineNumber":46,"author":{"gitId":"-"},"content":""},{"lineNumber":47,"author":{"gitId":"-"},"content":"## Feature 2: Adding a Deadline task: deadline"},{"lineNumber":48,"author":{"gitId":"-"},"content":"Adds a Deadline task. Deadlines: tasks that need to be done before a specific date(yyyy-mm-dd)"},{"lineNumber":49,"author":{"gitId":"-"},"content":""},{"lineNumber":50,"author":{"gitId":"-"},"content":"### Usage"},{"lineNumber":51,"author":{"gitId":"-"},"content":"Example of usage:"},{"lineNumber":52,"author":{"gitId":"-"},"content":"```"},{"lineNumber":53,"author":{"gitId":"-"},"content":"deadline return book /by 2020-09-25"},{"lineNumber":54,"author":{"gitId":"-"},"content":"```"},{"lineNumber":55,"author":{"gitId":"-"},"content":""},{"lineNumber":56,"author":{"gitId":"-"},"content":"Expected outcome:"},{"lineNumber":57,"author":{"gitId":"-"},"content":"```"},{"lineNumber":58,"author":{"gitId":"-"},"content":"Got it. I\u0027ve added this task:"},{"lineNumber":59,"author":{"gitId":"-"},"content":"  [D][✘] return book (by: Sep 25 2020)"},{"lineNumber":60,"author":{"gitId":"-"},"content":"Now you have 2 tasks in the list."},{"lineNumber":61,"author":{"gitId":"-"},"content":"```"},{"lineNumber":62,"author":{"gitId":"-"},"content":""},{"lineNumber":63,"author":{"gitId":"-"},"content":"## Feature 3: Adding an Event task: event"},{"lineNumber":64,"author":{"gitId":"-"},"content":"Adds an Event task. Events: tasks that start at a address."},{"lineNumber":65,"author":{"gitId":"-"},"content":""},{"lineNumber":66,"author":{"gitId":"-"},"content":"### Usage"},{"lineNumber":67,"author":{"gitId":"-"},"content":"Example of usage:"},{"lineNumber":68,"author":{"gitId":"-"},"content":"```"},{"lineNumber":69,"author":{"gitId":"-"},"content":"event project meeting /at meeting room #1-12"},{"lineNumber":70,"author":{"gitId":"-"},"content":"```"},{"lineNumber":71,"author":{"gitId":"-"},"content":""},{"lineNumber":72,"author":{"gitId":"-"},"content":"Expected outcome:"},{"lineNumber":73,"author":{"gitId":"-"},"content":"```"},{"lineNumber":74,"author":{"gitId":"-"},"content":"Got it. I\u0027ve added this task:"},{"lineNumber":75,"author":{"gitId":"-"},"content":"  [E][✘] project meeting (at: meeting room #1-12)"},{"lineNumber":76,"author":{"gitId":"-"},"content":"Now you have 3 tasks in the list."},{"lineNumber":77,"author":{"gitId":"-"},"content":"```"},{"lineNumber":78,"author":{"gitId":"-"},"content":""},{"lineNumber":79,"author":{"gitId":"-"},"content":"## Feature 4: Listing task information: list"},{"lineNumber":80,"author":{"gitId":"-"},"content":"Lists all tasks in Jojo."},{"lineNumber":81,"author":{"gitId":"-"},"content":""},{"lineNumber":82,"author":{"gitId":"-"},"content":"### Usage"},{"lineNumber":83,"author":{"gitId":"-"},"content":"Example of usage:"},{"lineNumber":84,"author":{"gitId":"-"},"content":"```"},{"lineNumber":85,"author":{"gitId":"-"},"content":"list"},{"lineNumber":86,"author":{"gitId":"-"},"content":"```"},{"lineNumber":87,"author":{"gitId":"-"},"content":""},{"lineNumber":88,"author":{"gitId":"-"},"content":"Expected outcome:"},{"lineNumber":89,"author":{"gitId":"-"},"content":"```"},{"lineNumber":90,"author":{"gitId":"-"},"content":"Here are the tasks in your list:"},{"lineNumber":91,"author":{"gitId":"-"},"content":"  1. [T][✘] Read book"},{"lineNumber":92,"author":{"gitId":"-"},"content":"  2. [D][✘] return book (by: Sep 25 2020)"},{"lineNumber":93,"author":{"gitId":"-"},"content":"  3. [E][✘] project meeting (at: meeting room #1-12)"},{"lineNumber":94,"author":{"gitId":"-"},"content":"```"},{"lineNumber":95,"author":{"gitId":"-"},"content":""},{"lineNumber":96,"author":{"gitId":"-"},"content":"## Feature 5: Finding tasks: find KEY_WORD"},{"lineNumber":97,"author":{"gitId":"-"},"content":"Finds tasks in Jojo that match any of the specified keywords."},{"lineNumber":98,"author":{"gitId":"-"},"content":""},{"lineNumber":99,"author":{"gitId":"-"},"content":"### Usage"},{"lineNumber":100,"author":{"gitId":"-"},"content":"Example of usage:"},{"lineNumber":101,"author":{"gitId":"-"},"content":"```"},{"lineNumber":102,"author":{"gitId":"-"},"content":"find book"},{"lineNumber":103,"author":{"gitId":"-"},"content":"```"},{"lineNumber":104,"author":{"gitId":"-"},"content":""},{"lineNumber":105,"author":{"gitId":"-"},"content":"Expected outcome:"},{"lineNumber":106,"author":{"gitId":"-"},"content":"```"},{"lineNumber":107,"author":{"gitId":"-"},"content":"Here are the matching tasks in your list:"},{"lineNumber":108,"author":{"gitId":"-"},"content":"  1. [T][✘] Read book"},{"lineNumber":109,"author":{"gitId":"-"},"content":"  2. [D][✘] return book (by: Sep 25 2020)"},{"lineNumber":110,"author":{"gitId":"-"},"content":"```"},{"lineNumber":111,"author":{"gitId":"-"},"content":""},{"lineNumber":112,"author":{"gitId":"-"},"content":"## Feature 6: Deleting a task : delete INDEX"},{"lineNumber":113,"author":{"gitId":"-"},"content":"Deletes the specified task in Duke."},{"lineNumber":114,"author":{"gitId":"-"},"content":""},{"lineNumber":115,"author":{"gitId":"-"},"content":"### Usage"},{"lineNumber":116,"author":{"gitId":"-"},"content":"Example of usage:"},{"lineNumber":117,"author":{"gitId":"-"},"content":"```"},{"lineNumber":118,"author":{"gitId":"-"},"content":"delete 2"},{"lineNumber":119,"author":{"gitId":"-"},"content":"```"},{"lineNumber":120,"author":{"gitId":"-"},"content":""},{"lineNumber":121,"author":{"gitId":"-"},"content":"Expected outcome:"},{"lineNumber":122,"author":{"gitId":"-"},"content":"```"},{"lineNumber":123,"author":{"gitId":"-"},"content":"Noted. I\u0027ve removed this task:"},{"lineNumber":124,"author":{"gitId":"-"},"content":"  [D][✘] return book (by: Sep 25 2020)"},{"lineNumber":125,"author":{"gitId":"-"},"content":"Now you have 2 tasks in the list."},{"lineNumber":126,"author":{"gitId":"-"},"content":"```"},{"lineNumber":127,"author":{"gitId":"-"},"content":""},{"lineNumber":128,"author":{"gitId":"-"},"content":"## Feature 7: Deleting a task : delete INDEX"},{"lineNumber":129,"author":{"gitId":"-"},"content":"Mark specified task as done."},{"lineNumber":130,"author":{"gitId":"-"},"content":""},{"lineNumber":131,"author":{"gitId":"-"},"content":"### Usage"},{"lineNumber":132,"author":{"gitId":"-"},"content":"Example of usage:"},{"lineNumber":133,"author":{"gitId":"-"},"content":"```"},{"lineNumber":134,"author":{"gitId":"-"},"content":"done 1"},{"lineNumber":135,"author":{"gitId":"-"},"content":"```"},{"lineNumber":136,"author":{"gitId":"-"},"content":""},{"lineNumber":137,"author":{"gitId":"-"},"content":"Expected outcome:"},{"lineNumber":138,"author":{"gitId":"-"},"content":"```"},{"lineNumber":139,"author":{"gitId":"-"},"content":"Nice! I\u0027ve marked this task as done:"},{"lineNumber":140,"author":{"gitId":"-"},"content":"[✓] Read book"},{"lineNumber":141,"author":{"gitId":"-"},"content":"```"},{"lineNumber":142,"author":{"gitId":"-"},"content":""},{"lineNumber":143,"author":{"gitId":"-"},"content":"## Feature 8: Exiting the program : bye"},{"lineNumber":144,"author":{"gitId":"-"},"content":"Exits the program."},{"lineNumber":145,"author":{"gitId":"-"},"content":""},{"lineNumber":146,"author":{"gitId":"-"},"content":"### Usage"},{"lineNumber":147,"author":{"gitId":"-"},"content":"Example of usage:"},{"lineNumber":148,"author":{"gitId":"-"},"content":"```"},{"lineNumber":149,"author":{"gitId":"-"},"content":"bye"},{"lineNumber":150,"author":{"gitId":"-"},"content":"```"},{"lineNumber":151,"author":{"gitId":"-"},"content":""},{"lineNumber":152,"author":{"gitId":"-"},"content":"Expected outcome:"},{"lineNumber":153,"author":{"gitId":"-"},"content":"```"},{"lineNumber":154,"author":{"gitId":"-"},"content":"Bye. Hope to see you again soon!"},{"lineNumber":155,"author":{"gitId":"-"},"content":"```"},{"lineNumber":156,"author":{"gitId":"-"},"content":""},{"lineNumber":157,"author":{"gitId":"-"},"content":"## Feature 9: Saving the tasks to local: save"},{"lineNumber":158,"author":{"gitId":"-"},"content":"Save the tasks in the hard disk automatically whenever the task list changes. Load the data from the hard disk when Duke starts up. "},{"lineNumber":159,"author":{"gitId":"-"},"content":""},{"lineNumber":160,"author":{"gitId":"-"},"content":"### Usage"},{"lineNumber":161,"author":{"gitId":"-"},"content":"Example of usage:"},{"lineNumber":162,"author":{"gitId":"-"},"content":"```"},{"lineNumber":163,"author":{"gitId":"-"},"content":"save"},{"lineNumber":164,"author":{"gitId":"-"},"content":"```"},{"lineNumber":165,"author":{"gitId":"-"},"content":""},{"lineNumber":166,"author":{"gitId":"-"},"content":"Expected outcome:"},{"lineNumber":167,"author":{"gitId":"-"},"content":"```"},{"lineNumber":168,"author":{"gitId":"-"},"content":"Tasks save to disk Jojo.txt"},{"lineNumber":169,"author":{"gitId":"daiweinus"},"content":""},{"lineNumber":170,"author":{"gitId":"-"},"content":"```"},{"lineNumber":171,"author":{"gitId":"-"},"content":"```"},{"lineNumber":172,"author":{"gitId":"-"},"content":"Hello from"},{"lineNumber":173,"author":{"gitId":"-"},"content":"  __          __ "},{"lineNumber":174,"author":{"gitId":"-"},"content":"  | | ____    | | ____"},{"lineNumber":175,"author":{"gitId":"-"},"content":"  | |/ __ \\   | |/ __ \\"},{"lineNumber":176,"author":{"gitId":"-"},"content":"__/ | |__| |__/ | |__| |"},{"lineNumber":177,"author":{"gitId":"-"},"content":"\\__/ \\____/ \\__/ \\____/"},{"lineNumber":178,"author":{"gitId":"-"},"content":""},{"lineNumber":179,"author":{"gitId":"daiweinus"},"content":"```"}],"authorContributionMap":{"daiweinus":2,"-":177}}]
