{"authorDailyContributionsMap":{"daiweinus":[{"date":"2020-08-28","commitResults":[{"hash":"96eeb6034ed2341936365fb2101a113ba4a9b6be","messageTitle":"add: Level 0. Greet","messageBody":"","tags":["Level-0"],"fileTypesAndContributionMap":{"java":{"insertions":23,"deletions":5}}},{"hash":"33164cf4deeed344ff058d59410f38e42d683ad9","messageTitle":"add: Level 1. Greet, Echo, Exit","messageBody":"","tags":["Level-1"],"fileTypesAndContributionMap":{"java":{"insertions":20,"deletions":18}}},{"hash":"0b89a5660004af010d92103910117eae14b008d0","messageTitle":"add: Level 2. Add, List","messageBody":"","tags":["Level-2"],"fileTypesAndContributionMap":{"java":{"insertions":12,"deletions":3}}},{"hash":"c6478fdc6352b8dd3201e17b975b3dec8c96853b","messageTitle":"add: Level 3. Mark as Done","messageBody":"","tags":["Level-3"],"fileTypesAndContributionMap":{"java":{"insertions":55,"deletions":18}}},{"hash":"374a5e0852beec79c9d4d4ee4648f5f36b2fad30","messageTitle":"add: Level 4. ToDos, Events, Deadlines","messageBody":"","tags":["Level-4"],"fileTypesAndContributionMap":{"java":{"insertions":302,"deletions":58}}}]},{"date":"2020-08-29","commitResults":[{"hash":"c7831a7d8df1f08005b1b926434e9c03b5413896","messageTitle":"add: A-TextUiTesting, Automated Text UI Testing","messageBody":"","tags":["A-TextUiTesting"],"fileTypesAndContributionMap":{"txt":{"insertions":4,"deletions":0},"bat":{"insertions":1,"deletions":1},"sh":{"insertions":1,"deletions":1}}},{"hash":"991c6a8b3c3dca6f7b4cb670e99beb7d3dd900fa","messageTitle":"add: A-CodingStandard, Follow the Coding Standard","messageBody":"","tags":["A-CodingStandard"],"fileTypesAndContributionMap":{"java":{"insertions":66,"deletions":68}}}]},{"date":"2020-09-02","commitResults":[{"hash":"03fef98c9a7e24e72735f98326b45b2189e4a1f0","messageTitle":"add: branch-Level-5","messageBody":"","tags":["branch-Level-5","Level-5"],"fileTypesAndContributionMap":{"java":{"insertions":42,"deletions":36}}},{"hash":"7939fcb22de007c2d0f14e8e16b6ddb75536c5c7","messageTitle":"fix: A-CodeQuality","messageBody":"","fileTypesAndContributionMap":{"java":{"insertions":1,"deletions":28}}},{"hash":"809a289ac463325e935d879bb6496f87d4fd55dc","messageTitle":"add: Use Task an abstract class","messageBody":"","tags":["A-AbstractClasses"],"fileTypesAndContributionMap":{"java":{"insertions":8,"deletions":7}}},{"hash":"589368aaf69e57942d072d3cf23cea8e785486f1","messageTitle":"chg: Divide classes into packages","messageBody":"","tags":["A-Packages"],"fileTypesAndContributionMap":{"java":{"insertions":23,"deletions":11},"bat":{"insertions":2,"deletions":2},"md":{"insertions":2,"deletions":2}}}]},{"date":"2020-09-04","commitResults":[{"hash":"7ea8ace78868d6a7512c308d84d6ab4c981d80e9","messageTitle":"test: merge A-CodeQuality","messageBody":"","tags":["A-CodeQuality"],"fileTypesAndContributionMap":{"java":{"insertions":2,"deletions":0}}},{"hash":"bf012dedeeb1ee344d261aa8e74049cd1c2eb7ab","messageTitle":"test: merge A-CodeQuality","messageBody":"","fileTypesAndContributionMap":{"java":{"insertions":1,"deletions":1}}},{"hash":"ff689797d322641df4712f399433a88624af41a3","messageTitle":"test: merge A-CodeQuality to master","messageBody":"","fileTypesAndContributionMap":{"java":{"insertions":1,"deletions":1}}},{"hash":"c1391040bd10a051cbbaa738410d92c8a1a72480","messageTitle":"test: push AbstractClasses branch","messageBody":"","fileTypesAndContributionMap":{"java":{"insertions":1,"deletions":1}}},{"hash":"6a27be1b5091712a5add44a8eb210a1673cb7032","messageTitle":"test: push AbstractClasses branch","messageBody":"","fileTypesAndContributionMap":{"java":{"insertions":1,"deletions":1}}},{"hash":"9f386e8cb7d30421fcf82dba81814844f3acc889","messageTitle":"test: push AbstractClasses branch","messageBody":"","fileTypesAndContributionMap":{"java":{"insertions":1,"deletions":1}}},{"hash":"76d0cb40178a86b7d0f358a263c061ece73279b3","messageTitle":"test: push AbstractClasses branch to master","messageBody":"","fileTypesAndContributionMap":{"java":{"insertions":1,"deletions":3}}},{"hash":"a10484e89395ede581c30ceb98d711630ae44bb3","messageTitle":"test: push Organize the classes into suitable java package branch","messageBody":"","fileTypesAndContributionMap":{"java":{"insertions":2,"deletions":3}}},{"hash":"06a4e7dfb210cba35d992c56bd05360493cf149d","messageTitle":"test","messageBody":"","fileTypesAndContributionMap":{"java":{"insertions":2,"deletions":0}}}]},{"date":"2020-09-08","commitResults":[{"hash":"1658bbed60ee3ba9f6f018be39a281beb9a8ca9e","messageTitle":"Add: support for deleting tasks from the list.","messageBody":"","tags":["Level-6"],"fileTypesAndContributionMap":{"java":{"insertions":38,"deletions":20}}},{"hash":"6d0c7e6d80adccda2d91720a26f9bef9f9476766","messageTitle":"Add: Use Java Collections classes ArrayList\u003cTask\u003e","messageBody":"","fileTypesAndContributionMap":{"java":{"insertions":1,"deletions":1}}},{"hash":"141555fc75ed6ea21c185e19e3d32f7c02c32d88","messageTitle":"Add: using abstract class","messageBody":"","tags":["A-Classes"],"fileTypesAndContributionMap":{"java":{"insertions":1,"deletions":1}}},{"hash":"db2139489ea9c9c948f79f68b85f6279373d791d","messageTitle":"Add: using Inheritance to task class","messageBody":"","tags":["A-Inheritance","A-Exceptions"],"fileTypesAndContributionMap":{"java":{"insertions":1,"deletions":0}}},{"hash":"81bcacfadd9dd02b816c2fedea4a8f3a1059eafd","messageTitle":"Add: using A Exceptions to throw error","messageBody":"","fileTypesAndContributionMap":{"java":{"insertions":1,"deletions":0}}},{"hash":"a81ddcd979b670d6bfc06419f787a7ec6d3d5d95","messageTitle":"Add: Level-7 Save the tasks in the hard disk automatically whenever the task list changes.","messageBody":"","tags":["Level-7","A-MoreOOP"],"fileTypesAndContributionMap":{"java":{"insertions":213,"deletions":70}}}]},{"date":"2020-09-09","commitResults":[{"hash":"33257fb6b39869da38c1ae6eadcdd35be5ff8af8","messageTitle":"Add: JavaDoc comments","messageBody":"","tags":["A-JavaDoc","A-Jar"],"fileTypesAndContributionMap":{"java":{"insertions":271,"deletions":15}}}]},{"date":"2020-09-14","commitResults":[{"hash":"e2da8e6baae5c82f2b2c4d9b3f8eb7312d0f5285","messageTitle":"Add: Make the code more OOP","messageBody":"","fileTypesAndContributionMap":{"txt":{"insertions":3,"deletions":0}}},{"hash":"1c53dc7c8d18ec60e3ca3ee34ac2619c03d95ad6","messageTitle":"Add: Level 8. Dates and Times","messageBody":"","fileTypesAndContributionMap":{"txt":{"insertions":0,"deletions":3},"java":{"insertions":30,"deletions":12}}},{"hash":"d1aadf2637ca613e41477f3cdeac6b0577a0e1e0","messageTitle":"Add: Level 9. Find      Give users a way to find a task by searching for a keyword.","messageBody":"","tags":["Level-9"],"fileTypesAndContributionMap":{"java":{"insertions":27,"deletions":0}}}]},{"date":"2020-09-23","commitResults":[{"hash":"e1acb7bf70c3eb9dc06175064c40756200f7a253","messageTitle":"Add: A-JUnit","messageBody":"","tags":["A-JUnit"],"fileTypesAndContributionMap":{"java":{"insertions":41,"deletions":11}}}]},{"date":"2020-09-25","commitResults":[{"hash":"a99a3e36cd5e3bc5c3218c41494efea15d787daa","messageTitle":"Update README.md","messageBody":"Add a User Guide","fileTypesAndContributionMap":{"md":{"insertions":158,"deletions":9}}},{"hash":"c57e874638dda415c21f628b7cb3d72ac848f746","messageTitle":"add: A-UserGuide","messageBody":"","fileTypesAndContributionMap":{"txt":{"insertions":1,"deletions":0},"java":{"insertions":15,"deletions":6},"md":{"insertions":158,"deletions":9}}}]},{"date":"2020-09-26","commitResults":[{"hash":"f7b025ab9bf8625f1a34166c84d71daf866d4ff7","messageTitle":"update: A-Jar","messageBody":"","tags":["A-UserGuide"],"fileTypesAndContributionMap":{"java":{"insertions":3,"deletions":3}}},{"hash":"b390242796e12260d3b94045da60235e4ec36da4","messageTitle":"update: user guide","messageBody":"","fileTypesAndContributionMap":{"md":{"insertions":9,"deletions":1}}},{"hash":"968a084f24049cecf1bb2c62a9cb1643cd28a331","messageTitle":"Update README.md","messageBody":"","fileTypesAndContributionMap":{"md":{"insertions":9,"deletions":1}}}]},{"date":"2020-09-27","commitResults":[{"hash":"52ee0c28d1aa900bd698462dee2a6a80d2ef14b2","messageTitle":"fix: fix load file bug","messageBody":"","fileTypesAndContributionMap":{"txt":{"insertions":0,"deletions":1},"java":{"insertions":31,"deletions":25}}},{"hash":"dff6319282ba32fd1950c3f726f9a88e0f02b848","messageTitle":"fix: fix load file bug","messageBody":"","fileTypesAndContributionMap":{"md":{"insertions":10,"deletions":0}}},{"hash":"5d9f2c9b9f7211bc03bb77094422f875399c1fa2","messageTitle":"Update README.md","messageBody":"","fileTypesAndContributionMap":{"md":{"insertions":1,"deletions":1}}},{"hash":"790ced3f8fc7dc2c0f1696778a0d8deecacbedca","messageTitle":"Update README.md","messageBody":"","fileTypesAndContributionMap":{"md":{"insertions":1,"deletions":0}}}]},{"date":"2021-01-25","commitResults":[{"hash":"310ddd9bdf9346da57ab841faa9d2bcd2aeb55ff","messageTitle":"A-StricterCodingStandard","messageBody":"","fileTypesAndContributionMap":{"gradle":{"insertions":47,"deletions":0},"java":{"insertions":3,"deletions":3},"bat":{"insertions":103,"deletions":0}}},{"hash":"0a520375e289e95d1c99bdf0b671d3ad029f9d69","messageTitle":"A-StricterCodingStandard","messageBody":"","tags":["A-CheckStyle"],"fileTypesAndContributionMap":{"gradle":{"insertions":47,"deletions":0},"java":{"insertions":11,"deletions":11},"bat":{"insertions":104,"deletions":0}}},{"hash":"6c2d4a7919b9c9e99b03b5a9ab310a10fe2808e0","messageTitle":"A-CheckStyle","messageBody":"","tags":["A-Gradle"],"fileTypesAndContributionMap":{"java":{"insertions":2,"deletions":2}}},{"hash":"426e3b3a410d02775eb951ae2349a187300f6bac","messageTitle":"A-Gradle tag","messageBody":"","fileTypesAndContributionMap":{"java":{"insertions":2,"deletions":2}}},{"hash":"c0e557d73b86bcde9d305fd69e3f93bb7d279028","messageTitle":"Apply a stricter coding standard","messageBody":"","fileTypesAndContributionMap":{"java":{"insertions":98,"deletions":69}}}]},{"date":"2021-01-28","commitResults":[{"hash":"9418166cb368fbce78930483b47c07880e8ea08b","messageTitle":"Add a GUI to Duke. Use the JavaFX technology to implement the GUI.","messageBody":"","tags":["Level-10"],"fileTypesAndContributionMap":{"gradle":{"insertions":18,"deletions":1},"java":{"insertions":190,"deletions":1}}}]},{"date":"2021-02-09","commitResults":[{"hash":"1a2027698d44c7ad98e6f0ecf22bdcfa0798f28e","messageTitle":"Release a new JAR file.","messageBody":"","tags":["JAR-with-UI"],"fileTypesAndContributionMap":{"txt":{"insertions":5,"deletions":0},"java":{"insertions":157,"deletions":205}}},{"hash":"e48cfffab4c1c9fd3d969c3fb91e4a5ff393ed53","messageTitle":"Set up CI, fix code checkstyle error","messageBody":"","tags":["fix-error"],"fileTypesAndContributionMap":{"java":{"insertions":40,"deletions":40}}},{"hash":"2da00613d80df8d0d36600ac4a387782a1702350","messageTitle":"Add an extension, help: show user the app commands use manual","messageBody":"","tags":["BCD-Extension"],"fileTypesAndContributionMap":{"java":{"insertions":1,"deletions":0}}},{"hash":"788e82d5946fabcccab1ba2c9f4cad498440655f","messageTitle":"fix CI bug","messageBody":"","fileTypesAndContributionMap":{"java":{"insertions":3,"deletions":0}}}]},{"date":"2021-02-10","commitResults":[{"hash":"2e3580ecbffe7e44d15ae560a929ab484dcb7679","messageTitle":"Increase code quality even further","messageBody":"","tags":["A-HigherCodingQuality"],"fileTypesAndContributionMap":{"java":{"insertions":0,"deletions":2}}}]}]},"authorFileTypeContributionMap":{"daiweinus":{"java":991,"md":160,"fxml":35,"sh":1,"bat":106,"gradle":64,"txt":9}},"authorContributionVariance":{"daiweinus":6070.6978},"authorDisplayNameMap":{"daiweinus":"TIC4002-F18-2 DAI .. WEI"}}
