{"authorDailyContributionsMap":{"daiweinus":[{"date":"2020-09-25","commitResults":[{"hash":"a99a3e36cd5e3bc5c3218c41494efea15d787daa","messageTitle":"Update README.md","messageBody":"Add a User Guide","fileTypesAndContributionMap":{"md":{"insertions":158,"deletions":9}}}]},{"date":"2020-09-26","commitResults":[{"hash":"968a084f24049cecf1bb2c62a9cb1643cd28a331","messageTitle":"Update README.md","messageBody":"","fileTypesAndContributionMap":{"md":{"insertions":9,"deletions":1}}}]},{"date":"2020-09-27","commitResults":[{"hash":"5d9f2c9b9f7211bc03bb77094422f875399c1fa2","messageTitle":"Update README.md","messageBody":"","fileTypesAndContributionMap":{"md":{"insertions":1,"deletions":1}}},{"hash":"790ced3f8fc7dc2c0f1696778a0d8deecacbedca","messageTitle":"Update README.md","messageBody":"","fileTypesAndContributionMap":{"md":{"insertions":1,"deletions":0}}}]}]},"authorFileTypeContributionMap":{"daiweinus":{"java":0,"md":2,"fxml":0,"sh":0,"bat":0,"gradle":0,"txt":0}},"authorContributionVariance":{"daiweinus":606.1778},"authorDisplayNameMap":{"daiweinus":"TIC4002-F18-2 DAI .. WEI"}}
