[{"path":"data/duke.txt","fileType":"txt","lines":[{"lineNumber":1,"author":{"gitId":"Yiheng0410"},"content":"T|0|read books"},{"lineNumber":2,"author":{"gitId":"Yiheng0410"},"content":"D|0|read some more book"},{"lineNumber":3,"author":{"gitId":"Yiheng0410"},"content":"E|0|return all book"}],"authorContributionMap":{"Yiheng0410":3}},{"path":"docs/README.md","fileType":"md","lines":[{"lineNumber":1,"author":{"gitId":"Yiheng0410"},"content":"# DUKE User Guide"},{"lineNumber":2,"author":{"gitId":"-"},"content":""},{"lineNumber":3,"author":{"gitId":"Yiheng0410"},"content":"The DUKE is a Chatbot with Java-based Command Line Interface (CLI) to keep track user\u0027s daily tasks.  It has the following features:"},{"lineNumber":4,"author":{"gitId":"-"},"content":""},{"lineNumber":5,"author":{"gitId":"-"},"content":""},{"lineNumber":6,"author":{"gitId":"Yiheng0410"},"content":"# Feature 1"},{"lineNumber":7,"author":{"gitId":"-"},"content":""},{"lineNumber":8,"author":{"gitId":"Yiheng0410"},"content":"_To **add a Todo task**. A Todo task is anything that you might want Duke to remind you. A Todo task does not have time restriction._"},{"lineNumber":9,"author":{"gitId":"-"},"content":""},{"lineNumber":10,"author":{"gitId":"Yiheng0410"},"content":"### Usage  "},{"lineNumber":11,"author":{"gitId":"Yiheng0410"},"content":"Example of usage:  "},{"lineNumber":12,"author":{"gitId":"Yiheng0410"},"content":"```  "},{"lineNumber":13,"author":{"gitId":"Yiheng0410"},"content":"todo Read book  "},{"lineNumber":14,"author":{"gitId":"Yiheng0410"},"content":"```  "},{"lineNumber":15,"author":{"gitId":"Yiheng0410"},"content":"Expected outcome:  "},{"lineNumber":16,"author":{"gitId":"Yiheng0410"},"content":"```  "},{"lineNumber":17,"author":{"gitId":"Yiheng0410"},"content":"Got it. I\u0027ve added this task:  "},{"lineNumber":18,"author":{"gitId":"Yiheng0410"},"content":" [T][✘] Read bookNow you have 1 tasks in the list."},{"lineNumber":19,"author":{"gitId":"Yiheng0410"},"content":" ```  "},{"lineNumber":20,"author":{"gitId":"-"},"content":""},{"lineNumber":21,"author":{"gitId":"-"},"content":""},{"lineNumber":22,"author":{"gitId":"Yiheng0410"},"content":"# Feature 2  "},{"lineNumber":23,"author":{"gitId":"Yiheng0410"},"content":"_To **add a Deadline task**. A Deadline task is something that you would like to complete before a specified date._  "},{"lineNumber":24,"author":{"gitId":"Yiheng0410"},"content":"  "},{"lineNumber":25,"author":{"gitId":"Yiheng0410"},"content":"### Usage  "},{"lineNumber":26,"author":{"gitId":"Yiheng0410"},"content":"Example of usage:  "},{"lineNumber":27,"author":{"gitId":"Yiheng0410"},"content":"```  "},{"lineNumber":28,"author":{"gitId":"Yiheng0410"},"content":"deadline return book /by 2020-09-25  "},{"lineNumber":29,"author":{"gitId":"Yiheng0410"},"content":"```  "},{"lineNumber":30,"author":{"gitId":"Yiheng0410"},"content":"Expected outcome:  "},{"lineNumber":31,"author":{"gitId":"Yiheng0410"},"content":"```  "},{"lineNumber":32,"author":{"gitId":"Yiheng0410"},"content":"Got it. I\u0027ve added this task:  "},{"lineNumber":33,"author":{"gitId":"Yiheng0410"},"content":"  [D][✘] return book (by: 2020-09-25)  "},{"lineNumber":34,"author":{"gitId":"Yiheng0410"},"content":"Now you have 2 tasks in the list.  "},{"lineNumber":35,"author":{"gitId":"Yiheng0410"},"content":"```"},{"lineNumber":36,"author":{"gitId":"-"},"content":""},{"lineNumber":37,"author":{"gitId":"Yiheng0410"},"content":"# Feature 3  "},{"lineNumber":38,"author":{"gitId":"Yiheng0410"},"content":"_To **add a Event task**. A Event task is some tasks that occur at a specified time and date._  "},{"lineNumber":39,"author":{"gitId":"-"},"content":"  "},{"lineNumber":40,"author":{"gitId":"Yiheng0410"},"content":"### Usage  "},{"lineNumber":41,"author":{"gitId":"-"},"content":"Example of usage:  "},{"lineNumber":42,"author":{"gitId":"Yiheng0410"},"content":"```  "},{"lineNumber":43,"author":{"gitId":"Yiheng0410"},"content":"event project meeting /at 2020-09-25  "},{"lineNumber":44,"author":{"gitId":"Yiheng0410"},"content":"```  "},{"lineNumber":45,"author":{"gitId":"Yiheng0410"},"content":"Expected outcome:  "},{"lineNumber":46,"author":{"gitId":"Yiheng0410"},"content":"```  "},{"lineNumber":47,"author":{"gitId":"Yiheng0410"},"content":"Got it. I\u0027ve added this task:  "},{"lineNumber":48,"author":{"gitId":"Yiheng0410"},"content":"  [E][✘] project meeting (at: 2020-09-25)  "},{"lineNumber":49,"author":{"gitId":"Yiheng0410"},"content":"Now you have 3 tasks in the list.  "},{"lineNumber":50,"author":{"gitId":"Yiheng0410"},"content":"```"},{"lineNumber":51,"author":{"gitId":"-"},"content":""},{"lineNumber":52,"author":{"gitId":"Yiheng0410"},"content":"# Feature 4  "},{"lineNumber":53,"author":{"gitId":"Yiheng0410"},"content":"_To **List down** all existed task(s)._  "},{"lineNumber":54,"author":{"gitId":"Yiheng0410"},"content":"  "},{"lineNumber":55,"author":{"gitId":"Yiheng0410"},"content":"### Usage  "},{"lineNumber":56,"author":{"gitId":"Yiheng0410"},"content":"Example of usage:  "},{"lineNumber":57,"author":{"gitId":"Yiheng0410"},"content":"```  "},{"lineNumber":58,"author":{"gitId":"Yiheng0410"},"content":"list  "},{"lineNumber":59,"author":{"gitId":"Yiheng0410"},"content":"```  "},{"lineNumber":60,"author":{"gitId":"-"},"content":"Expected outcome:  "},{"lineNumber":61,"author":{"gitId":"Yiheng0410"},"content":"```  "},{"lineNumber":62,"author":{"gitId":"Yiheng0410"},"content":"Here are the tasks in your list:  "},{"lineNumber":63,"author":{"gitId":"Yiheng0410"},"content":" 1. [T][✘] Read book  "},{"lineNumber":64,"author":{"gitId":"Yiheng0410"},"content":" 2. [D][✘] return book (by: 2020-09-25)  "},{"lineNumber":65,"author":{"gitId":"Yiheng0410"},"content":" 3. [E][✘] project meeting (at: 2020-09-25)  "},{"lineNumber":66,"author":{"gitId":"Yiheng0410"},"content":"```"},{"lineNumber":67,"author":{"gitId":"Yiheng0410"},"content":""},{"lineNumber":68,"author":{"gitId":"Yiheng0410"},"content":"# Feature 5  "},{"lineNumber":69,"author":{"gitId":"Yiheng0410"},"content":"_To **Set task** status to be **done**._  "},{"lineNumber":70,"author":{"gitId":"Yiheng0410"},"content":"  "},{"lineNumber":71,"author":{"gitId":"Yiheng0410"},"content":"### Usage  "},{"lineNumber":72,"author":{"gitId":"Yiheng0410"},"content":"Example of usage:  "},{"lineNumber":73,"author":{"gitId":"Yiheng0410"},"content":"```  "},{"lineNumber":74,"author":{"gitId":"Yiheng0410"},"content":"done 1  "},{"lineNumber":75,"author":{"gitId":"Yiheng0410"},"content":"```  "},{"lineNumber":76,"author":{"gitId":"Yiheng0410"},"content":"Expected outcome:  "},{"lineNumber":77,"author":{"gitId":"Yiheng0410"},"content":"```  "},{"lineNumber":78,"author":{"gitId":"Yiheng0410"},"content":"Nice! I\u0027ve marked this task as done:  "},{"lineNumber":79,"author":{"gitId":"Yiheng0410"},"content":"[✓] Read book  "},{"lineNumber":80,"author":{"gitId":"Yiheng0410"},"content":"```"},{"lineNumber":81,"author":{"gitId":"Yiheng0410"},"content":""},{"lineNumber":82,"author":{"gitId":"Yiheng0410"},"content":"# Feature 6  "},{"lineNumber":83,"author":{"gitId":"Yiheng0410"},"content":"_To **Find (search) tasks** with **Key Word**._  "},{"lineNumber":84,"author":{"gitId":"Yiheng0410"},"content":"  "},{"lineNumber":85,"author":{"gitId":"Yiheng0410"},"content":"### Usage  "},{"lineNumber":86,"author":{"gitId":"Yiheng0410"},"content":"Example of usage:  "},{"lineNumber":87,"author":{"gitId":"Yiheng0410"},"content":"```  "},{"lineNumber":88,"author":{"gitId":"Yiheng0410"},"content":"find book  "},{"lineNumber":89,"author":{"gitId":"Yiheng0410"},"content":"```  "},{"lineNumber":90,"author":{"gitId":"Yiheng0410"},"content":"  "},{"lineNumber":91,"author":{"gitId":"Yiheng0410"},"content":"Expected outcome:  "},{"lineNumber":92,"author":{"gitId":"Yiheng0410"},"content":"```  "},{"lineNumber":93,"author":{"gitId":"Yiheng0410"},"content":"Here are the matching tasks in your list:  "},{"lineNumber":94,"author":{"gitId":"Yiheng0410"},"content":" 1. [T][✘] Read book  "},{"lineNumber":95,"author":{"gitId":"Yiheng0410"},"content":" 2. [D][✘] return book (by: 2020-09-25)  "},{"lineNumber":96,"author":{"gitId":"Yiheng0410"},"content":"```"},{"lineNumber":97,"author":{"gitId":"Yiheng0410"},"content":""},{"lineNumber":98,"author":{"gitId":"Yiheng0410"},"content":"# Feature 7  "},{"lineNumber":99,"author":{"gitId":"Yiheng0410"},"content":"_To **Delete a task** from the list._  "},{"lineNumber":100,"author":{"gitId":"Yiheng0410"},"content":"  "},{"lineNumber":101,"author":{"gitId":"Yiheng0410"},"content":"### Usage  "},{"lineNumber":102,"author":{"gitId":"Yiheng0410"},"content":"Example of usage:  "},{"lineNumber":103,"author":{"gitId":"Yiheng0410"},"content":"```  "},{"lineNumber":104,"author":{"gitId":"Yiheng0410"},"content":"delete 2  "},{"lineNumber":105,"author":{"gitId":"Yiheng0410"},"content":"```  "},{"lineNumber":106,"author":{"gitId":"Yiheng0410"},"content":"  "},{"lineNumber":107,"author":{"gitId":"Yiheng0410"},"content":"Expected outcome:  "},{"lineNumber":108,"author":{"gitId":"Yiheng0410"},"content":"```  "},{"lineNumber":109,"author":{"gitId":"Yiheng0410"},"content":"Noted. I\u0027ve removed this task:  "},{"lineNumber":110,"author":{"gitId":"Yiheng0410"},"content":"  [D][✘] return book (by: Sep 25 2020)  "},{"lineNumber":111,"author":{"gitId":"Yiheng0410"},"content":"Now you have 2 tasks in the list."},{"lineNumber":112,"author":{"gitId":"Yiheng0410"},"content":"```  "},{"lineNumber":113,"author":{"gitId":"Yiheng0410"},"content":""},{"lineNumber":114,"author":{"gitId":"Yiheng0410"},"content":"# Feature 8  "},{"lineNumber":115,"author":{"gitId":"Yiheng0410"},"content":"_To **exit** the program."},{"lineNumber":116,"author":{"gitId":"Yiheng0410"},"content":""},{"lineNumber":117,"author":{"gitId":"Yiheng0410"},"content":"### Usage  "},{"lineNumber":118,"author":{"gitId":"Yiheng0410"},"content":"Example of usage:  "},{"lineNumber":119,"author":{"gitId":"Yiheng0410"},"content":"```  "},{"lineNumber":120,"author":{"gitId":"Yiheng0410"},"content":"bye"},{"lineNumber":121,"author":{"gitId":"Yiheng0410"},"content":"```  "},{"lineNumber":122,"author":{"gitId":"Yiheng0410"},"content":"  "},{"lineNumber":123,"author":{"gitId":"Yiheng0410"},"content":"Expected outcome:  "},{"lineNumber":124,"author":{"gitId":"Yiheng0410"},"content":"```  "},{"lineNumber":125,"author":{"gitId":"Yiheng0410"},"content":" Bye. Hope to see you again soon!"},{"lineNumber":126,"author":{"gitId":"Yiheng0410"},"content":"```  "},{"lineNumber":127,"author":{"gitId":"Yiheng0410"},"content":""},{"lineNumber":128,"author":{"gitId":"Yiheng0410"},"content":""},{"lineNumber":129,"author":{"gitId":"Yiheng0410"},"content":"# Feature 9"},{"lineNumber":130,"author":{"gitId":"Yiheng0410"},"content":"_To **Auto Load** from existing task file and **Auto save** changes to task file whenever user makes change._"},{"lineNumber":131,"author":{"gitId":"Yiheng0410"},"content":""},{"lineNumber":132,"author":{"gitId":"Yiheng0410"},"content":"Example of usage:  "},{"lineNumber":133,"author":{"gitId":"Yiheng0410"},"content":"```  "},{"lineNumber":134,"author":{"gitId":"Yiheng0410"},"content":"No action is needed from user. "},{"lineNumber":135,"author":{"gitId":"Yiheng0410"},"content":"User need to enter \u0027list\u0027 to list all tasks loaded from data file"},{"lineNumber":136,"author":{"gitId":"Yiheng0410"},"content":"```  "},{"lineNumber":137,"author":{"gitId":"-"},"content":""},{"lineNumber":138,"author":{"gitId":"Yiheng0410"},"content":""},{"lineNumber":139,"author":{"gitId":"Yiheng0410"},"content":""},{"lineNumber":140,"author":{"gitId":"Yiheng0410"},"content":"# Summary of features and commands"},{"lineNumber":141,"author":{"gitId":"Yiheng0410"},"content":""},{"lineNumber":142,"author":{"gitId":"Yiheng0410"},"content":"Below is the table to summarise the features and its relevant commands"},{"lineNumber":143,"author":{"gitId":"Yiheng0410"},"content":""},{"lineNumber":144,"author":{"gitId":"Yiheng0410"},"content":"|                |Features                       |Commands                     |"},{"lineNumber":145,"author":{"gitId":"Yiheng0410"},"content":"|----------------|-------------------------------|-----------------------------|"},{"lineNumber":146,"author":{"gitId":"Yiheng0410"},"content":"|1.              |Add a todo task                |`\u0027todo\u0027`+task name          |"},{"lineNumber":147,"author":{"gitId":"Yiheng0410"},"content":"|2.              |Add a deadline task            |`\u0027deadline\u0027`+(task name)+  `\u0027/by\u0027` + (date)      |"},{"lineNumber":148,"author":{"gitId":"Yiheng0410"},"content":"|3.              |Add an event task              |`\u0027event\u0027`+(task name)+  `\u0027/at\u0027` + (date)      |"},{"lineNumber":149,"author":{"gitId":"Yiheng0410"},"content":"|4.              |List all tasks                 |`\u0027list\u0027`                     |"},{"lineNumber":150,"author":{"gitId":"Yiheng0410"},"content":"|5.              |Set task status as completed   |`\u0027done\u0027` +(task id)          |"},{"lineNumber":151,"author":{"gitId":"Yiheng0410"},"content":"|6.              |Find (search) tasks            |`\u0027find\u0027` +(key word)         |"},{"lineNumber":152,"author":{"gitId":"Yiheng0410"},"content":"|7.              |Delete a task                  |`\u0027delete\u0027` +(task id)        |"},{"lineNumber":153,"author":{"gitId":"Yiheng0410"},"content":"|8.              |Exit the program               |`\u0027bye\u0027`                      |"},{"lineNumber":154,"author":{"gitId":"Yiheng0410"},"content":"|9.              |Auto load task or auto save task|no action is needed         |"}],"authorContributionMap":{"Yiheng0410":141,"-":13}},{"path":"src/main/java/Command/Command.java","fileType":"java","lines":[{"lineNumber":1,"author":{"gitId":"Yiheng0410"},"content":"package Command;"},{"lineNumber":2,"author":{"gitId":"Yiheng0410"},"content":""},{"lineNumber":3,"author":{"gitId":"Yiheng0410"},"content":"public abstract class Command {"},{"lineNumber":4,"author":{"gitId":"Yiheng0410"},"content":"    protected String type;"},{"lineNumber":5,"author":{"gitId":"Yiheng0410"},"content":"    protected String content;"},{"lineNumber":6,"author":{"gitId":"Yiheng0410"},"content":""},{"lineNumber":7,"author":{"gitId":"Yiheng0410"},"content":"    public String getCommandContent() {"},{"lineNumber":8,"author":{"gitId":"Yiheng0410"},"content":"        return content;"},{"lineNumber":9,"author":{"gitId":"Yiheng0410"},"content":"    }"},{"lineNumber":10,"author":{"gitId":"Yiheng0410"},"content":""},{"lineNumber":11,"author":{"gitId":"Yiheng0410"},"content":"    public String getCommandType(){"},{"lineNumber":12,"author":{"gitId":"Yiheng0410"},"content":"        return type;"},{"lineNumber":13,"author":{"gitId":"Yiheng0410"},"content":"    }"},{"lineNumber":14,"author":{"gitId":"Yiheng0410"},"content":"}"}],"authorContributionMap":{"Yiheng0410":14}},{"path":"src/main/java/Command/DeadlineCommand.java","fileType":"java","lines":[{"lineNumber":1,"author":{"gitId":"Yiheng0410"},"content":"package Command;"},{"lineNumber":2,"author":{"gitId":"Yiheng0410"},"content":""},{"lineNumber":3,"author":{"gitId":"Yiheng0410"},"content":"public class DeadlineCommand extends Command {"},{"lineNumber":4,"author":{"gitId":"Yiheng0410"},"content":"    private String time;"},{"lineNumber":5,"author":{"gitId":"Yiheng0410"},"content":""},{"lineNumber":6,"author":{"gitId":"Yiheng0410"},"content":"    public DeadlineCommand(String content,String time) {"},{"lineNumber":7,"author":{"gitId":"Yiheng0410"},"content":"        this.type \u003d \"deadline\";"},{"lineNumber":8,"author":{"gitId":"Yiheng0410"},"content":"        this.time \u003d time;"},{"lineNumber":9,"author":{"gitId":"Yiheng0410"},"content":"        this.content \u003d content;"},{"lineNumber":10,"author":{"gitId":"Yiheng0410"},"content":"    }"},{"lineNumber":11,"author":{"gitId":"Yiheng0410"},"content":""},{"lineNumber":12,"author":{"gitId":"Yiheng0410"},"content":"    public String getTime(){"},{"lineNumber":13,"author":{"gitId":"Yiheng0410"},"content":"        return time;"},{"lineNumber":14,"author":{"gitId":"Yiheng0410"},"content":"    }"},{"lineNumber":15,"author":{"gitId":"Yiheng0410"},"content":""},{"lineNumber":16,"author":{"gitId":"Yiheng0410"},"content":"}"}],"authorContributionMap":{"Yiheng0410":16}},{"path":"src/main/java/Command/DeleteCommand.java","fileType":"java","lines":[{"lineNumber":1,"author":{"gitId":"Yiheng0410"},"content":"package Command;"},{"lineNumber":2,"author":{"gitId":"Yiheng0410"},"content":""},{"lineNumber":3,"author":{"gitId":"Yiheng0410"},"content":"public class DeleteCommand extends Command{"},{"lineNumber":4,"author":{"gitId":"Yiheng0410"},"content":"    private int index;"},{"lineNumber":5,"author":{"gitId":"Yiheng0410"},"content":""},{"lineNumber":6,"author":{"gitId":"Yiheng0410"},"content":"    public DeleteCommand(String i) {"},{"lineNumber":7,"author":{"gitId":"Yiheng0410"},"content":"        type \u003d \"delete\";"},{"lineNumber":8,"author":{"gitId":"Yiheng0410"},"content":"        content \u003d \"\";"},{"lineNumber":9,"author":{"gitId":"Yiheng0410"},"content":"        index \u003d Integer.parseInt(i);"},{"lineNumber":10,"author":{"gitId":"Yiheng0410"},"content":"    }"},{"lineNumber":11,"author":{"gitId":"Yiheng0410"},"content":""},{"lineNumber":12,"author":{"gitId":"Yiheng0410"},"content":"    public int getIndex(){"},{"lineNumber":13,"author":{"gitId":"Yiheng0410"},"content":"        return index;"},{"lineNumber":14,"author":{"gitId":"Yiheng0410"},"content":"    }"},{"lineNumber":15,"author":{"gitId":"Yiheng0410"},"content":"}"}],"authorContributionMap":{"Yiheng0410":15}},{"path":"src/main/java/Command/DoneCommand.java","fileType":"java","lines":[{"lineNumber":1,"author":{"gitId":"Yiheng0410"},"content":"package Command;"},{"lineNumber":2,"author":{"gitId":"Yiheng0410"},"content":""},{"lineNumber":3,"author":{"gitId":"Yiheng0410"},"content":"public class DoneCommand extends Command {"},{"lineNumber":4,"author":{"gitId":"Yiheng0410"},"content":"    private int index;"},{"lineNumber":5,"author":{"gitId":"Yiheng0410"},"content":""},{"lineNumber":6,"author":{"gitId":"Yiheng0410"},"content":"    public DoneCommand(String i) {"},{"lineNumber":7,"author":{"gitId":"Yiheng0410"},"content":"        type \u003d \"done\";"},{"lineNumber":8,"author":{"gitId":"Yiheng0410"},"content":"        content \u003d \"\";"},{"lineNumber":9,"author":{"gitId":"Yiheng0410"},"content":"        index \u003d Integer.parseInt(i);"},{"lineNumber":10,"author":{"gitId":"Yiheng0410"},"content":"    }"},{"lineNumber":11,"author":{"gitId":"Yiheng0410"},"content":""},{"lineNumber":12,"author":{"gitId":"Yiheng0410"},"content":"    public int getIndex(){"},{"lineNumber":13,"author":{"gitId":"Yiheng0410"},"content":"        return index;"},{"lineNumber":14,"author":{"gitId":"Yiheng0410"},"content":"    }"},{"lineNumber":15,"author":{"gitId":"Yiheng0410"},"content":""},{"lineNumber":16,"author":{"gitId":"Yiheng0410"},"content":"}"}],"authorContributionMap":{"Yiheng0410":16}},{"path":"src/main/java/Command/EventCommand.java","fileType":"java","lines":[{"lineNumber":1,"author":{"gitId":"Yiheng0410"},"content":"package Command;"},{"lineNumber":2,"author":{"gitId":"Yiheng0410"},"content":""},{"lineNumber":3,"author":{"gitId":"Yiheng0410"},"content":"public class EventCommand extends Command{"},{"lineNumber":4,"author":{"gitId":"Yiheng0410"},"content":"    private String time;"},{"lineNumber":5,"author":{"gitId":"Yiheng0410"},"content":""},{"lineNumber":6,"author":{"gitId":"Yiheng0410"},"content":"    public EventCommand(String content,String time) {"},{"lineNumber":7,"author":{"gitId":"Yiheng0410"},"content":"        this.type \u003d \"event\";"},{"lineNumber":8,"author":{"gitId":"Yiheng0410"},"content":"        this.time \u003d time;"},{"lineNumber":9,"author":{"gitId":"Yiheng0410"},"content":"        this.content \u003d content;"},{"lineNumber":10,"author":{"gitId":"Yiheng0410"},"content":"    }"},{"lineNumber":11,"author":{"gitId":"Yiheng0410"},"content":""},{"lineNumber":12,"author":{"gitId":"Yiheng0410"},"content":"    public String getTime(){"},{"lineNumber":13,"author":{"gitId":"Yiheng0410"},"content":"        return time;"},{"lineNumber":14,"author":{"gitId":"Yiheng0410"},"content":"    }"},{"lineNumber":15,"author":{"gitId":"Yiheng0410"},"content":"}"},{"lineNumber":16,"author":{"gitId":"Yiheng0410"},"content":""}],"authorContributionMap":{"Yiheng0410":16}},{"path":"src/main/java/Command/FindCommand.java","fileType":"java","lines":[{"lineNumber":1,"author":{"gitId":"Yiheng0410"},"content":"package Command;"},{"lineNumber":2,"author":{"gitId":"Yiheng0410"},"content":""},{"lineNumber":3,"author":{"gitId":"Yiheng0410"},"content":""},{"lineNumber":4,"author":{"gitId":"Yiheng0410"},"content":"public class FindCommand extends Command {"},{"lineNumber":5,"author":{"gitId":"Yiheng0410"},"content":"    public FindCommand(String keyword) {"},{"lineNumber":6,"author":{"gitId":"Yiheng0410"},"content":"        type \u003d \"find\";"},{"lineNumber":7,"author":{"gitId":"Yiheng0410"},"content":"        this.content \u003d keyword;"},{"lineNumber":8,"author":{"gitId":"Yiheng0410"},"content":"    }"},{"lineNumber":9,"author":{"gitId":"Yiheng0410"},"content":"}"}],"authorContributionMap":{"Yiheng0410":9}},{"path":"src/main/java/Command/InvalidCommand.java","fileType":"java","lines":[{"lineNumber":1,"author":{"gitId":"Yiheng0410"},"content":"package Command;"},{"lineNumber":2,"author":{"gitId":"Yiheng0410"},"content":""},{"lineNumber":3,"author":{"gitId":"Yiheng0410"},"content":"public class InvalidCommand extends Command{"},{"lineNumber":4,"author":{"gitId":"Yiheng0410"},"content":"    public InvalidCommand(String type) {"},{"lineNumber":5,"author":{"gitId":"Yiheng0410"},"content":"        this.type \u003d type;"},{"lineNumber":6,"author":{"gitId":"Yiheng0410"},"content":"    }"},{"lineNumber":7,"author":{"gitId":"Yiheng0410"},"content":"}"}],"authorContributionMap":{"Yiheng0410":7}},{"path":"src/main/java/Command/ListCommand.java","fileType":"java","lines":[{"lineNumber":1,"author":{"gitId":"Yiheng0410"},"content":"package Command;"},{"lineNumber":2,"author":{"gitId":"Yiheng0410"},"content":""},{"lineNumber":3,"author":{"gitId":"Yiheng0410"},"content":"public class ListCommand extends Command {"},{"lineNumber":4,"author":{"gitId":"Yiheng0410"},"content":"    public ListCommand() {"},{"lineNumber":5,"author":{"gitId":"Yiheng0410"},"content":"        type \u003d \"list\";"},{"lineNumber":6,"author":{"gitId":"Yiheng0410"},"content":"        content \u003d \"\";"},{"lineNumber":7,"author":{"gitId":"Yiheng0410"},"content":"    }"},{"lineNumber":8,"author":{"gitId":"Yiheng0410"},"content":"}"}],"authorContributionMap":{"Yiheng0410":8}},{"path":"src/main/java/Command/TodoCommand.java","fileType":"java","lines":[{"lineNumber":1,"author":{"gitId":"Yiheng0410"},"content":"package Command;"},{"lineNumber":2,"author":{"gitId":"Yiheng0410"},"content":""},{"lineNumber":3,"author":{"gitId":"Yiheng0410"},"content":"public class TodoCommand extends Command{"},{"lineNumber":4,"author":{"gitId":"Yiheng0410"},"content":"    public TodoCommand(String content) {"},{"lineNumber":5,"author":{"gitId":"Yiheng0410"},"content":"        type \u003d \"todo\";"},{"lineNumber":6,"author":{"gitId":"Yiheng0410"},"content":"        this.content \u003d content;"},{"lineNumber":7,"author":{"gitId":"Yiheng0410"},"content":"    }"},{"lineNumber":8,"author":{"gitId":"Yiheng0410"},"content":"}"}],"authorContributionMap":{"Yiheng0410":8}},{"path":"src/main/java/Duke.java","fileType":"java","lines":[{"lineNumber":1,"author":{"gitId":"Yiheng0410"},"content":"import Task.Deadlines;"},{"lineNumber":2,"author":{"gitId":"Yiheng0410"},"content":"import Task.Events;"},{"lineNumber":3,"author":{"gitId":"Yiheng0410"},"content":"import Task.Tasks;"},{"lineNumber":4,"author":{"gitId":"Yiheng0410"},"content":"import Task.ToDos;"},{"lineNumber":5,"author":{"gitId":"Yiheng0410"},"content":"import Exceptions.DukeException;"},{"lineNumber":6,"author":{"gitId":"Yiheng0410"},"content":"import Command.*;"},{"lineNumber":7,"author":{"gitId":"Yiheng0410"},"content":""},{"lineNumber":8,"author":{"gitId":"Yiheng0410"},"content":"import java.io.IOException;"},{"lineNumber":9,"author":{"gitId":"Yiheng0410"},"content":""},{"lineNumber":10,"author":{"gitId":"Yiheng0410"},"content":""},{"lineNumber":11,"author":{"gitId":"Yiheng0410"},"content":"/**"},{"lineNumber":12,"author":{"gitId":"Yiheng0410"},"content":" * This class implements the Duke chatbot that can interact with user, it can read from user inputs, give user outputs and save user inputs."},{"lineNumber":13,"author":{"gitId":"Yiheng0410"},"content":" */"},{"lineNumber":14,"author":{"gitId":"-"},"content":"public class Duke {"},{"lineNumber":15,"author":{"gitId":"Yiheng0410"},"content":""},{"lineNumber":16,"author":{"gitId":"Yiheng0410"},"content":"    private Ui ui;"},{"lineNumber":17,"author":{"gitId":"Yiheng0410"},"content":"    private Storage storage;"},{"lineNumber":18,"author":{"gitId":"Yiheng0410"},"content":"    private TaskList tasks;"},{"lineNumber":19,"author":{"gitId":"Yiheng0410"},"content":""},{"lineNumber":20,"author":{"gitId":"Yiheng0410"},"content":"    public Duke(String filepath) {"},{"lineNumber":21,"author":{"gitId":"Yiheng0410"},"content":"        this.ui \u003d new Ui();"},{"lineNumber":22,"author":{"gitId":"Yiheng0410"},"content":"        this.storage \u003d new Storage(filepath);"},{"lineNumber":23,"author":{"gitId":"Yiheng0410"},"content":"        this.tasks \u003d new TaskList();"},{"lineNumber":24,"author":{"gitId":"Yiheng0410"},"content":"    }"},{"lineNumber":25,"author":{"gitId":"Yiheng0410"},"content":""},{"lineNumber":26,"author":{"gitId":"-"},"content":"    public static void main(String[] args) {"},{"lineNumber":27,"author":{"gitId":"Yiheng0410"},"content":"        new Duke(\"./data/duke.txt\").run();"},{"lineNumber":28,"author":{"gitId":"Yiheng0410"},"content":""},{"lineNumber":29,"author":{"gitId":"Yiheng0410"},"content":"    }"},{"lineNumber":30,"author":{"gitId":"Yiheng0410"},"content":""},{"lineNumber":31,"author":{"gitId":"Yiheng0410"},"content":"    /**"},{"lineNumber":32,"author":{"gitId":"Yiheng0410"},"content":"     * This method firstly print the greeting message to the user"},{"lineNumber":33,"author":{"gitId":"Yiheng0410"},"content":"     * Then it will check if a data file is existed, if existed load the data file otherwise create a new data file"},{"lineNumber":34,"author":{"gitId":"Yiheng0410"},"content":"     * Then it will parse user command to readable format and check if the commands are in the correct format"},{"lineNumber":35,"author":{"gitId":"Yiheng0410"},"content":"     * Finally it will execute the user command and save changes to the data file"},{"lineNumber":36,"author":{"gitId":"Yiheng0410"},"content":"     */"},{"lineNumber":37,"author":{"gitId":"Yiheng0410"},"content":"    public void run() {"},{"lineNumber":38,"author":{"gitId":"Yiheng0410"},"content":""},{"lineNumber":39,"author":{"gitId":"Yiheng0410"},"content":"        ui.printLine();"},{"lineNumber":40,"author":{"gitId":"Yiheng0410"},"content":"        ui.printGreetMsg();"},{"lineNumber":41,"author":{"gitId":"Yiheng0410"},"content":"        ui.printLine();"},{"lineNumber":42,"author":{"gitId":"Yiheng0410"},"content":""},{"lineNumber":43,"author":{"gitId":"Yiheng0410"},"content":"        //Check if a data file is existed. If Existed, load the task from the data file, otherwise create a data file."},{"lineNumber":44,"author":{"gitId":"Yiheng0410"},"content":"        try {"},{"lineNumber":45,"author":{"gitId":"Yiheng0410"},"content":"            storage.loadFromFile(tasks);"},{"lineNumber":46,"author":{"gitId":"Yiheng0410"},"content":"        } catch (DukeException | IOException e) {"},{"lineNumber":47,"author":{"gitId":"Yiheng0410"},"content":"            System.out.println(e.getMessage());"},{"lineNumber":48,"author":{"gitId":"Yiheng0410"},"content":"        }"},{"lineNumber":49,"author":{"gitId":"Yiheng0410"},"content":""},{"lineNumber":50,"author":{"gitId":"Yiheng0410"},"content":"        //Parse user command to readable format"},{"lineNumber":51,"author":{"gitId":"Yiheng0410"},"content":"        while (true) {"},{"lineNumber":52,"author":{"gitId":"Yiheng0410"},"content":"            String userInput \u003d ui.getCommand();"},{"lineNumber":53,"author":{"gitId":"Yiheng0410"},"content":"            Command cmd \u003d null;"},{"lineNumber":54,"author":{"gitId":"Yiheng0410"},"content":"            try {"},{"lineNumber":55,"author":{"gitId":"Yiheng0410"},"content":"                cmd \u003d Parser.getCommand(userInput);"},{"lineNumber":56,"author":{"gitId":"Yiheng0410"},"content":"            } catch (DukeException e) {"},{"lineNumber":57,"author":{"gitId":"Yiheng0410"},"content":"                ui.print(e.getMessage());"},{"lineNumber":58,"author":{"gitId":"Yiheng0410"},"content":"                continue;"},{"lineNumber":59,"author":{"gitId":"Yiheng0410"},"content":"            } catch (Exception e) {"},{"lineNumber":60,"author":{"gitId":"Yiheng0410"},"content":"                ui.print(\"☹ OOPS!!! Please try again.\");"},{"lineNumber":61,"author":{"gitId":"Yiheng0410"},"content":"                continue;"},{"lineNumber":62,"author":{"gitId":"Yiheng0410"},"content":"            }"},{"lineNumber":63,"author":{"gitId":"Yiheng0410"},"content":"            //Check if user commands are in correct format"},{"lineNumber":64,"author":{"gitId":"Yiheng0410"},"content":"            if (cmd instanceof InvalidCommand \u0026\u0026 cmd.getCommandType().equalsIgnoreCase(\"bye\")) {"},{"lineNumber":65,"author":{"gitId":"Yiheng0410"},"content":"                break;"},{"lineNumber":66,"author":{"gitId":"Yiheng0410"},"content":"            } else if (cmd instanceof InvalidCommand) {"},{"lineNumber":67,"author":{"gitId":"Yiheng0410"},"content":"                ui.print(new DukeException(\"☹ OOPS!!! I\u0027m sorry, I don\u0027t understand what are you trying to say\").getMessage());"},{"lineNumber":68,"author":{"gitId":"Yiheng0410"},"content":"                continue;"},{"lineNumber":69,"author":{"gitId":"Yiheng0410"},"content":"            }"},{"lineNumber":70,"author":{"gitId":"Yiheng0410"},"content":""},{"lineNumber":71,"author":{"gitId":"Yiheng0410"},"content":"            //Execute the user command and update teh data file whenever user makes any changes"},{"lineNumber":72,"author":{"gitId":"Yiheng0410"},"content":"            executeCommand(cmd, tasks);"},{"lineNumber":73,"author":{"gitId":"Yiheng0410"},"content":"        }"},{"lineNumber":74,"author":{"gitId":"Yiheng0410"},"content":""},{"lineNumber":75,"author":{"gitId":"Yiheng0410"},"content":"        ui.printExitMsg();"},{"lineNumber":76,"author":{"gitId":"Yiheng0410"},"content":"        ui.printLine();"},{"lineNumber":77,"author":{"gitId":"Yiheng0410"},"content":""},{"lineNumber":78,"author":{"gitId":"Yiheng0410"},"content":"    }"},{"lineNumber":79,"author":{"gitId":"Yiheng0410"},"content":""},{"lineNumber":80,"author":{"gitId":"Yiheng0410"},"content":"    /**"},{"lineNumber":81,"author":{"gitId":"Yiheng0410"},"content":"     * @param cmd   User inputs"},{"lineNumber":82,"author":{"gitId":"Yiheng0410"},"content":"     * @param tasks A TaskList"},{"lineNumber":83,"author":{"gitId":"Yiheng0410"},"content":"     */"},{"lineNumber":84,"author":{"gitId":"Yiheng0410"},"content":"    private void executeCommand(Command cmd, TaskList tasks) {"},{"lineNumber":85,"author":{"gitId":"Yiheng0410"},"content":"        switch (cmd.getCommandType()) {"},{"lineNumber":86,"author":{"gitId":"Yiheng0410"},"content":"            case \"list\": {"},{"lineNumber":87,"author":{"gitId":"Yiheng0410"},"content":"                ui.printTaskList(tasks);"},{"lineNumber":88,"author":{"gitId":"Yiheng0410"},"content":"                break;"},{"lineNumber":89,"author":{"gitId":"Yiheng0410"},"content":"            }"},{"lineNumber":90,"author":{"gitId":"Yiheng0410"},"content":"            case \"done\":"},{"lineNumber":91,"author":{"gitId":"Yiheng0410"},"content":"                changeTaskStatus(tasks, true, cmd);"},{"lineNumber":92,"author":{"gitId":"Yiheng0410"},"content":"                updateDataFile(tasks);"},{"lineNumber":93,"author":{"gitId":"Yiheng0410"},"content":"                break;"},{"lineNumber":94,"author":{"gitId":"Yiheng0410"},"content":"            case \"todo\":"},{"lineNumber":95,"author":{"gitId":"Yiheng0410"},"content":"                ToDos todo \u003d new ToDos(cmd.getCommandContent());"},{"lineNumber":96,"author":{"gitId":"Yiheng0410"},"content":"                tasks.add(todo);"},{"lineNumber":97,"author":{"gitId":"Yiheng0410"},"content":"                ui.printTask(todo, tasks);"},{"lineNumber":98,"author":{"gitId":"Yiheng0410"},"content":"                updateDataFile(tasks);"},{"lineNumber":99,"author":{"gitId":"Yiheng0410"},"content":"                break;"},{"lineNumber":100,"author":{"gitId":"Yiheng0410"},"content":"            case \"deadline\":"},{"lineNumber":101,"author":{"gitId":"Yiheng0410"},"content":"                Deadlines ddl \u003d new Deadlines(cmd.getCommandContent(), ((DeadlineCommand) cmd).getTime());"},{"lineNumber":102,"author":{"gitId":"Yiheng0410"},"content":"                tasks.add(ddl);"},{"lineNumber":103,"author":{"gitId":"Yiheng0410"},"content":"                ui.printTask(ddl, tasks);"},{"lineNumber":104,"author":{"gitId":"Yiheng0410"},"content":"                updateDataFile(tasks);"},{"lineNumber":105,"author":{"gitId":"Yiheng0410"},"content":"                break;"},{"lineNumber":106,"author":{"gitId":"Yiheng0410"},"content":"            case \"event\":"},{"lineNumber":107,"author":{"gitId":"Yiheng0410"},"content":"                Events event \u003d new Events(cmd.getCommandContent(), ((EventCommand) cmd).getTime());"},{"lineNumber":108,"author":{"gitId":"Yiheng0410"},"content":"                tasks.add(event);"},{"lineNumber":109,"author":{"gitId":"Yiheng0410"},"content":"                ui.printTask(event, tasks);"},{"lineNumber":110,"author":{"gitId":"Yiheng0410"},"content":"                updateDataFile(tasks);"},{"lineNumber":111,"author":{"gitId":"Yiheng0410"},"content":"                break;"},{"lineNumber":112,"author":{"gitId":"Yiheng0410"},"content":"            case \"delete\":"},{"lineNumber":113,"author":{"gitId":"Yiheng0410"},"content":"                deleteTask(tasks, cmd);"},{"lineNumber":114,"author":{"gitId":"Yiheng0410"},"content":"                updateDataFile(tasks);"},{"lineNumber":115,"author":{"gitId":"Yiheng0410"},"content":"                break;"},{"lineNumber":116,"author":{"gitId":"Yiheng0410"},"content":"            case \"find\":"},{"lineNumber":117,"author":{"gitId":"Yiheng0410"},"content":"                findTask(tasks, cmd);"},{"lineNumber":118,"author":{"gitId":"Yiheng0410"},"content":"                break;"},{"lineNumber":119,"author":{"gitId":"Yiheng0410"},"content":"        }"},{"lineNumber":120,"author":{"gitId":"Yiheng0410"},"content":"    }"},{"lineNumber":121,"author":{"gitId":"Yiheng0410"},"content":""},{"lineNumber":122,"author":{"gitId":"Yiheng0410"},"content":"    /**"},{"lineNumber":123,"author":{"gitId":"Yiheng0410"},"content":"     * This method will mark task status to \"Done\""},{"lineNumber":124,"author":{"gitId":"Yiheng0410"},"content":"     *"},{"lineNumber":125,"author":{"gitId":"Yiheng0410"},"content":"     * @param tasks  The task that need to be updated as \"Done\""},{"lineNumber":126,"author":{"gitId":"Yiheng0410"},"content":"     * @param status true is done, false is not done"},{"lineNumber":127,"author":{"gitId":"Yiheng0410"},"content":"     * @param cmd    User Input"},{"lineNumber":128,"author":{"gitId":"Yiheng0410"},"content":"     */"},{"lineNumber":129,"author":{"gitId":"Yiheng0410"},"content":"    public void changeTaskStatus(TaskList tasks, boolean status, Command cmd) {"},{"lineNumber":130,"author":{"gitId":"Yiheng0410"},"content":"        int index \u003d ((DoneCommand) cmd).getIndex();"},{"lineNumber":131,"author":{"gitId":"Yiheng0410"},"content":"        tasks.get(index - 1).setTaskStatus(status);"},{"lineNumber":132,"author":{"gitId":"Yiheng0410"},"content":"        ui.print(\"Nice! I\u0027ve marked this task as done: \");"},{"lineNumber":133,"author":{"gitId":"Yiheng0410"},"content":"        ui.print(tasks.get(index - 1).toString());"},{"lineNumber":134,"author":{"gitId":"Yiheng0410"},"content":"    }"},{"lineNumber":135,"author":{"gitId":"Yiheng0410"},"content":""},{"lineNumber":136,"author":{"gitId":"Yiheng0410"},"content":""},{"lineNumber":137,"author":{"gitId":"Yiheng0410"},"content":"    /**"},{"lineNumber":138,"author":{"gitId":"Yiheng0410"},"content":"     * @param tasks the task that need to be deleted"},{"lineNumber":139,"author":{"gitId":"Yiheng0410"},"content":"     * @param cmd   user inputs"},{"lineNumber":140,"author":{"gitId":"Yiheng0410"},"content":"     */"},{"lineNumber":141,"author":{"gitId":"Yiheng0410"},"content":"    public void deleteTask(TaskList tasks, Command cmd) {"},{"lineNumber":142,"author":{"gitId":"Yiheng0410"},"content":"        int index \u003d ((DeleteCommand) cmd).getIndex();"},{"lineNumber":143,"author":{"gitId":"Yiheng0410"},"content":"        ui.print(\" Noted. I\u0027ve removed this task:  \");"},{"lineNumber":144,"author":{"gitId":"Yiheng0410"},"content":"        ui.print(tasks.get(index - 1).toString());"},{"lineNumber":145,"author":{"gitId":"Yiheng0410"},"content":"        tasks.remove(index - 1);"},{"lineNumber":146,"author":{"gitId":"Yiheng0410"},"content":"        ui.print(\"Now you have \" + tasks.size() + \" task(s) in the list.\");"},{"lineNumber":147,"author":{"gitId":"Yiheng0410"},"content":""},{"lineNumber":148,"author":{"gitId":"Yiheng0410"},"content":"    }"},{"lineNumber":149,"author":{"gitId":"Yiheng0410"},"content":""},{"lineNumber":150,"author":{"gitId":"Yiheng0410"},"content":"    /**"},{"lineNumber":151,"author":{"gitId":"Yiheng0410"},"content":"     * @param tasks the updated list of tasks that will be saved to the data file"},{"lineNumber":152,"author":{"gitId":"Yiheng0410"},"content":"     */"},{"lineNumber":153,"author":{"gitId":"Yiheng0410"},"content":"    public void updateDataFile(TaskList tasks) {"},{"lineNumber":154,"author":{"gitId":"Yiheng0410"},"content":"        Storage storage \u003d new Storage(\"/data/duke.txt\");"},{"lineNumber":155,"author":{"gitId":"Yiheng0410"},"content":"        try {"},{"lineNumber":156,"author":{"gitId":"Yiheng0410"},"content":"            storage.saveToFile(tasks);"},{"lineNumber":157,"author":{"gitId":"Yiheng0410"},"content":"        } catch (IOException e) {"},{"lineNumber":158,"author":{"gitId":"Yiheng0410"},"content":"            ui.print(\"☹ OOPS!!!Update failed. Something went wrong when save data to the data file, please try again.\");"},{"lineNumber":159,"author":{"gitId":"Yiheng0410"},"content":"        }"},{"lineNumber":160,"author":{"gitId":"Yiheng0410"},"content":"    }"},{"lineNumber":161,"author":{"gitId":"Yiheng0410"},"content":""},{"lineNumber":162,"author":{"gitId":"Yiheng0410"},"content":"    /**"},{"lineNumber":163,"author":{"gitId":"Yiheng0410"},"content":"     * @param tasks the list of all the tasks"},{"lineNumber":164,"author":{"gitId":"Yiheng0410"},"content":"     * @param cmd   keywords used to search for the tasks"},{"lineNumber":165,"author":{"gitId":"Yiheng0410"},"content":"     */"},{"lineNumber":166,"author":{"gitId":"Yiheng0410"},"content":"    public void findTask(TaskList tasks, Command cmd) {"},{"lineNumber":167,"author":{"gitId":"Yiheng0410"},"content":"        int i \u003d 1;"},{"lineNumber":168,"author":{"gitId":"Yiheng0410"},"content":"        ui.print(\"Here are the matching tasks in your list:\");"},{"lineNumber":169,"author":{"gitId":"Yiheng0410"},"content":"        for (Tasks t : tasks.findTask(cmd.getCommandContent())) {"},{"lineNumber":170,"author":{"gitId":"Yiheng0410"},"content":"            ui.print(i + \".\" + t.toString());"},{"lineNumber":171,"author":{"gitId":"Yiheng0410"},"content":"            i++;"},{"lineNumber":172,"author":{"gitId":"Yiheng0410"},"content":"        }"},{"lineNumber":173,"author":{"gitId":"-"},"content":"    }"},{"lineNumber":174,"author":{"gitId":"Yiheng0410"},"content":""},{"lineNumber":175,"author":{"gitId":"-"},"content":"}"}],"authorContributionMap":{"Yiheng0410":171,"-":4}},{"path":"src/main/java/Exceptions/DukeException.java","fileType":"java","lines":[{"lineNumber":1,"author":{"gitId":"Yiheng0410"},"content":"package Exceptions;"},{"lineNumber":2,"author":{"gitId":"Yiheng0410"},"content":""},{"lineNumber":3,"author":{"gitId":"Yiheng0410"},"content":"public class DukeException extends Exception{"},{"lineNumber":4,"author":{"gitId":"Yiheng0410"},"content":"        public DukeException(String message) {"},{"lineNumber":5,"author":{"gitId":"Yiheng0410"},"content":"            super(message);"},{"lineNumber":6,"author":{"gitId":"Yiheng0410"},"content":"        }"},{"lineNumber":7,"author":{"gitId":"Yiheng0410"},"content":"}"}],"authorContributionMap":{"Yiheng0410":7}},{"path":"src/main/java/Parser.java","fileType":"java","lines":[{"lineNumber":1,"author":{"gitId":"Yiheng0410"},"content":"import Exceptions.DukeException;"},{"lineNumber":2,"author":{"gitId":"Yiheng0410"},"content":"import Command.*;"},{"lineNumber":3,"author":{"gitId":"Yiheng0410"},"content":""},{"lineNumber":4,"author":{"gitId":"Yiheng0410"},"content":"import java.time.LocalDate;"},{"lineNumber":5,"author":{"gitId":"Yiheng0410"},"content":"import java.time.format.DateTimeFormatter;"},{"lineNumber":6,"author":{"gitId":"Yiheng0410"},"content":""},{"lineNumber":7,"author":{"gitId":"Yiheng0410"},"content":"public class Parser {"},{"lineNumber":8,"author":{"gitId":"Yiheng0410"},"content":"    private static String DEADLINE_SPLITER \u003d \"/by\";"},{"lineNumber":9,"author":{"gitId":"Yiheng0410"},"content":"    private static String EVENT_SPLITER \u003d \"/at\";"},{"lineNumber":10,"author":{"gitId":"Yiheng0410"},"content":""},{"lineNumber":11,"author":{"gitId":"Yiheng0410"},"content":"    /**"},{"lineNumber":12,"author":{"gitId":"Yiheng0410"},"content":"     * @param s user inputs"},{"lineNumber":13,"author":{"gitId":"Yiheng0410"},"content":"     * @param splitBy a specified string string spliter"},{"lineNumber":14,"author":{"gitId":"Yiheng0410"},"content":"     * @return a array of string contains split user commands"},{"lineNumber":15,"author":{"gitId":"Yiheng0410"},"content":"     */"},{"lineNumber":16,"author":{"gitId":"Yiheng0410"},"content":"    private static String[] splitCommand(String s,String splitBy){"},{"lineNumber":17,"author":{"gitId":"Yiheng0410"},"content":"        return s.split(splitBy);"},{"lineNumber":18,"author":{"gitId":"Yiheng0410"},"content":"    }"},{"lineNumber":19,"author":{"gitId":"Yiheng0410"},"content":""},{"lineNumber":20,"author":{"gitId":"Yiheng0410"},"content":"    /**"},{"lineNumber":21,"author":{"gitId":"Yiheng0410"},"content":"     * This method will process the user input to get the respective user commands for each actions."},{"lineNumber":22,"author":{"gitId":"Yiheng0410"},"content":"     * It will also check if the date are in the correct format."},{"lineNumber":23,"author":{"gitId":"Yiheng0410"},"content":"     * @param userInput"},{"lineNumber":24,"author":{"gitId":"Yiheng0410"},"content":"     * @return the command for each user actions. e.g. list, done, delete etc."},{"lineNumber":25,"author":{"gitId":"Yiheng0410"},"content":"     * @throws DukeException"},{"lineNumber":26,"author":{"gitId":"Yiheng0410"},"content":"     */"},{"lineNumber":27,"author":{"gitId":"Yiheng0410"},"content":"    public static Command getCommand(String userInput) throws DukeException {"},{"lineNumber":28,"author":{"gitId":"Yiheng0410"},"content":"        String[] cmd \u003d Parser.splitCommand(userInput,\"\\\\s+\");"},{"lineNumber":29,"author":{"gitId":"Yiheng0410"},"content":"        switch(cmd[0]){"},{"lineNumber":30,"author":{"gitId":"Yiheng0410"},"content":"            case \"list\":"},{"lineNumber":31,"author":{"gitId":"Yiheng0410"},"content":"                return new ListCommand();"},{"lineNumber":32,"author":{"gitId":"Yiheng0410"},"content":"            case \"done\":"},{"lineNumber":33,"author":{"gitId":"Yiheng0410"},"content":"                try {"},{"lineNumber":34,"author":{"gitId":"Yiheng0410"},"content":"                    return new DoneCommand(userInput.split(\" \")[1]);"},{"lineNumber":35,"author":{"gitId":"Yiheng0410"},"content":"                }catch(IndexOutOfBoundsException e){"},{"lineNumber":36,"author":{"gitId":"Yiheng0410"},"content":"                    throw new DukeException(\"☹ OOPS!!! There is no such task.\");"},{"lineNumber":37,"author":{"gitId":"Yiheng0410"},"content":"                }catch (NumberFormatException e) {"},{"lineNumber":38,"author":{"gitId":"Yiheng0410"},"content":"                    throw new DukeException(\"☹ OOPS!!! Please let me know which task need to be done?.\");"},{"lineNumber":39,"author":{"gitId":"Yiheng0410"},"content":"                }"},{"lineNumber":40,"author":{"gitId":"Yiheng0410"},"content":"            case \"delete\":"},{"lineNumber":41,"author":{"gitId":"Yiheng0410"},"content":"                try {"},{"lineNumber":42,"author":{"gitId":"Yiheng0410"},"content":"                    return new DeleteCommand(userInput.split(\" \")[1]);"},{"lineNumber":43,"author":{"gitId":"Yiheng0410"},"content":"                }catch(IndexOutOfBoundsException e){"},{"lineNumber":44,"author":{"gitId":"Yiheng0410"},"content":"                    throw new DukeException(\"☹ OOPS!!! There is no such task.\");"},{"lineNumber":45,"author":{"gitId":"Yiheng0410"},"content":"                }catch (NumberFormatException e) {"},{"lineNumber":46,"author":{"gitId":"Yiheng0410"},"content":"                    throw new DukeException(\"☹ OOPS!!! Please tell me the number of the task need to be delete.\");"},{"lineNumber":47,"author":{"gitId":"Yiheng0410"},"content":"                }"},{"lineNumber":48,"author":{"gitId":"Yiheng0410"},"content":"            case \"todo\":"},{"lineNumber":49,"author":{"gitId":"Yiheng0410"},"content":"                try {"},{"lineNumber":50,"author":{"gitId":"Yiheng0410"},"content":"                    return new TodoCommand(userInput.substring(5));"},{"lineNumber":51,"author":{"gitId":"Yiheng0410"},"content":"                }catch(StringIndexOutOfBoundsException e){"},{"lineNumber":52,"author":{"gitId":"Yiheng0410"},"content":"                    throw new DukeException(\"☹ OOPS!!! The description of a todo cannot be empty.\");"},{"lineNumber":53,"author":{"gitId":"Yiheng0410"},"content":"                }"},{"lineNumber":54,"author":{"gitId":"Yiheng0410"},"content":"            case \"deadline\":"},{"lineNumber":55,"author":{"gitId":"Yiheng0410"},"content":"                try {"},{"lineNumber":56,"author":{"gitId":"Yiheng0410"},"content":"                    String[] deadlineContent \u003d userInput.split(DEADLINE_SPLITER);"},{"lineNumber":57,"author":{"gitId":"Yiheng0410"},"content":"                    LocalDate.parse(deadlineContent[1].trim(), DateTimeFormatter.ofPattern(\"yyyy-MM-dd\"));"},{"lineNumber":58,"author":{"gitId":"Yiheng0410"},"content":"                    return new DeadlineCommand(deadlineContent[0].substring(9,deadlineContent[0].length()-1), deadlineContent[1].trim());"},{"lineNumber":59,"author":{"gitId":"Yiheng0410"},"content":"                }catch(StringIndexOutOfBoundsException e){"},{"lineNumber":60,"author":{"gitId":"Yiheng0410"},"content":"                    throw new DukeException(\"☹ OOPS!!! The description of a deadline cannot be empty.\");"},{"lineNumber":61,"author":{"gitId":"Yiheng0410"},"content":"                }catch(ArrayIndexOutOfBoundsException e){"},{"lineNumber":62,"author":{"gitId":"Yiheng0410"},"content":"                    throw new DukeException(\"☹ OOPS!!! The keyword /by is missing.\");"},{"lineNumber":63,"author":{"gitId":"Yiheng0410"},"content":"                }catch(java.time.format.DateTimeParseException e){"},{"lineNumber":64,"author":{"gitId":"Yiheng0410"},"content":"                    throw new DukeException(\"☹ OOPS!!! The date format is incorrect.Format should be in \\\"yyyy-MM-dd\\\", please enter again.\");"},{"lineNumber":65,"author":{"gitId":"Yiheng0410"},"content":"                }"},{"lineNumber":66,"author":{"gitId":"Yiheng0410"},"content":"            case \"event\":"},{"lineNumber":67,"author":{"gitId":"Yiheng0410"},"content":"                try {"},{"lineNumber":68,"author":{"gitId":"Yiheng0410"},"content":"                    String[] eventContent \u003d userInput.split(EVENT_SPLITER);"},{"lineNumber":69,"author":{"gitId":"Yiheng0410"},"content":"                    LocalDate.parse(eventContent[1].trim(), DateTimeFormatter.ofPattern(\"yyyy-MM-dd\"));"},{"lineNumber":70,"author":{"gitId":"Yiheng0410"},"content":"                    return new EventCommand(eventContent[0].substring(6,eventContent[0].length()-1), eventContent[1].trim());"},{"lineNumber":71,"author":{"gitId":"Yiheng0410"},"content":"                }catch(StringIndexOutOfBoundsException e){"},{"lineNumber":72,"author":{"gitId":"Yiheng0410"},"content":"                    throw new DukeException(\"☹ OOPS!!! The description of a event cannot be empty.\");"},{"lineNumber":73,"author":{"gitId":"Yiheng0410"},"content":"                }catch(ArrayIndexOutOfBoundsException e){"},{"lineNumber":74,"author":{"gitId":"Yiheng0410"},"content":"                    throw new DukeException(\"☹ OOPS!!! The keyword /at is missing.\");"},{"lineNumber":75,"author":{"gitId":"Yiheng0410"},"content":"                }catch(java.time.format.DateTimeParseException e){"},{"lineNumber":76,"author":{"gitId":"Yiheng0410"},"content":"                    throw new DukeException(\"☹ OOPS!!! The date format is incorrect.Format should be in \\\"yyyy-MM-dd\\\"，please enter again.\");"},{"lineNumber":77,"author":{"gitId":"Yiheng0410"},"content":"                }"},{"lineNumber":78,"author":{"gitId":"Yiheng0410"},"content":"            case \"find\":"},{"lineNumber":79,"author":{"gitId":"Yiheng0410"},"content":"                return new FindCommand(userInput.substring(5));"},{"lineNumber":80,"author":{"gitId":"Yiheng0410"},"content":"            default:"},{"lineNumber":81,"author":{"gitId":"Yiheng0410"},"content":"                return new InvalidCommand(cmd[0]);"},{"lineNumber":82,"author":{"gitId":"Yiheng0410"},"content":"        }"},{"lineNumber":83,"author":{"gitId":"Yiheng0410"},"content":"    }"},{"lineNumber":84,"author":{"gitId":"Yiheng0410"},"content":""},{"lineNumber":85,"author":{"gitId":"Yiheng0410"},"content":"}"}],"authorContributionMap":{"Yiheng0410":85}},{"path":"src/main/java/Storage.java","fileType":"java","lines":[{"lineNumber":1,"author":{"gitId":"Yiheng0410"},"content":"import Task.Tasks;"},{"lineNumber":2,"author":{"gitId":"Yiheng0410"},"content":"import Task.Deadlines;"},{"lineNumber":3,"author":{"gitId":"Yiheng0410"},"content":"import Task.Events;"},{"lineNumber":4,"author":{"gitId":"Yiheng0410"},"content":"import Task.ToDos;"},{"lineNumber":5,"author":{"gitId":"Yiheng0410"},"content":"import Exceptions.DukeException;"},{"lineNumber":6,"author":{"gitId":"Yiheng0410"},"content":""},{"lineNumber":7,"author":{"gitId":"Yiheng0410"},"content":""},{"lineNumber":8,"author":{"gitId":"Yiheng0410"},"content":"import java.io.File;"},{"lineNumber":9,"author":{"gitId":"Yiheng0410"},"content":"import java.io.FileWriter;"},{"lineNumber":10,"author":{"gitId":"Yiheng0410"},"content":"import java.io.IOException;"},{"lineNumber":11,"author":{"gitId":"Yiheng0410"},"content":"import java.util.Iterator;"},{"lineNumber":12,"author":{"gitId":"Yiheng0410"},"content":"import java.util.Scanner;"},{"lineNumber":13,"author":{"gitId":"Yiheng0410"},"content":""},{"lineNumber":14,"author":{"gitId":"Yiheng0410"},"content":"public class Storage {"},{"lineNumber":15,"author":{"gitId":"Yiheng0410"},"content":""},{"lineNumber":16,"author":{"gitId":"Yiheng0410"},"content":"    static final String CURRENTWORKINGDIR \u003d System.getProperty(\"user.dir\");"},{"lineNumber":17,"author":{"gitId":"Yiheng0410"},"content":"    private String path;"},{"lineNumber":18,"author":{"gitId":"Yiheng0410"},"content":"    private File f;"},{"lineNumber":19,"author":{"gitId":"Yiheng0410"},"content":""},{"lineNumber":20,"author":{"gitId":"Yiheng0410"},"content":"    public Storage(String path) {"},{"lineNumber":21,"author":{"gitId":"Yiheng0410"},"content":"        this.path \u003d CURRENTWORKINGDIR+path;"},{"lineNumber":22,"author":{"gitId":"Yiheng0410"},"content":"        this.f \u003d new File(path);"},{"lineNumber":23,"author":{"gitId":"Yiheng0410"},"content":"    }"},{"lineNumber":24,"author":{"gitId":"Yiheng0410"},"content":""},{"lineNumber":25,"author":{"gitId":"Yiheng0410"},"content":"    public void loadFromFile(TaskList tasks) throws IOException,DukeException {"},{"lineNumber":26,"author":{"gitId":"Yiheng0410"},"content":"        if(f.exists()){"},{"lineNumber":27,"author":{"gitId":"Yiheng0410"},"content":"            Scanner s \u003d new Scanner(f);"},{"lineNumber":28,"author":{"gitId":"Yiheng0410"},"content":""},{"lineNumber":29,"author":{"gitId":"Yiheng0410"},"content":"            while (s.hasNext()) {"},{"lineNumber":30,"author":{"gitId":"Yiheng0410"},"content":"                String line \u003d s.nextLine();"},{"lineNumber":31,"author":{"gitId":"Yiheng0410"},"content":"                String[] TaskDetail\u003d line.split(\"\\\\|\");"},{"lineNumber":32,"author":{"gitId":"Yiheng0410"},"content":""},{"lineNumber":33,"author":{"gitId":"Yiheng0410"},"content":"                String taskDate \u003d \"unknown date\";"},{"lineNumber":34,"author":{"gitId":"Yiheng0410"},"content":"                String taskType \u003d TaskDetail[0];"},{"lineNumber":35,"author":{"gitId":"Yiheng0410"},"content":"                boolean taskStatus \u003d checkStatus(TaskDetail[1]);"},{"lineNumber":36,"author":{"gitId":"Yiheng0410"},"content":"                String taskDescription \u003d TaskDetail[2];"},{"lineNumber":37,"author":{"gitId":"Yiheng0410"},"content":"                if(TaskDetail.length \u003d\u003d 4){"},{"lineNumber":38,"author":{"gitId":"Yiheng0410"},"content":"                    taskDate \u003d TaskDetail[3];"},{"lineNumber":39,"author":{"gitId":"Yiheng0410"},"content":"                }"},{"lineNumber":40,"author":{"gitId":"Yiheng0410"},"content":"                try {"},{"lineNumber":41,"author":{"gitId":"Yiheng0410"},"content":"                    switch (taskType) {"},{"lineNumber":42,"author":{"gitId":"Yiheng0410"},"content":"                        case \"T\":"},{"lineNumber":43,"author":{"gitId":"Yiheng0410"},"content":"                            tasks.add(createToDoTask(taskDescription,taskStatus));"},{"lineNumber":44,"author":{"gitId":"Yiheng0410"},"content":"                            break;"},{"lineNumber":45,"author":{"gitId":"Yiheng0410"},"content":"                        case \"D\":"},{"lineNumber":46,"author":{"gitId":"Yiheng0410"},"content":"                            tasks.add(createDeadlineTask(taskDescription,taskDate,taskStatus));"},{"lineNumber":47,"author":{"gitId":"Yiheng0410"},"content":"                            break;"},{"lineNumber":48,"author":{"gitId":"Yiheng0410"},"content":"                        case \"E\":"},{"lineNumber":49,"author":{"gitId":"Yiheng0410"},"content":"                            tasks.add(createEventTask(taskDescription,taskStatus,taskDate));"},{"lineNumber":50,"author":{"gitId":"Yiheng0410"},"content":"                            break;"},{"lineNumber":51,"author":{"gitId":"Yiheng0410"},"content":"                        default:"},{"lineNumber":52,"author":{"gitId":"Yiheng0410"},"content":"                            throw new DukeException(\"☹ OOPS!!!There are undefined task type in the file.\");"},{"lineNumber":53,"author":{"gitId":"Yiheng0410"},"content":"                    }"},{"lineNumber":54,"author":{"gitId":"Yiheng0410"},"content":"                }catch(Exception e){"},{"lineNumber":55,"author":{"gitId":"Yiheng0410"},"content":"                    throw new DukeException(\"☹ OOPS!!!I am unable to read from the file,please make sure the file is in the correct format.\");"},{"lineNumber":56,"author":{"gitId":"Yiheng0410"},"content":"                }"},{"lineNumber":57,"author":{"gitId":"Yiheng0410"},"content":"            }"},{"lineNumber":58,"author":{"gitId":"Yiheng0410"},"content":"        }else{"},{"lineNumber":59,"author":{"gitId":"Yiheng0410"},"content":"            createDataFile(path);"},{"lineNumber":60,"author":{"gitId":"Yiheng0410"},"content":"        }"},{"lineNumber":61,"author":{"gitId":"Yiheng0410"},"content":"    }"},{"lineNumber":62,"author":{"gitId":"Yiheng0410"},"content":""},{"lineNumber":63,"author":{"gitId":"Yiheng0410"},"content":"    private static ToDos createToDoTask(String taskDescription, boolean tasStatus) {"},{"lineNumber":64,"author":{"gitId":"Yiheng0410"},"content":"        ToDos todo\u003d new ToDos(taskDescription);"},{"lineNumber":65,"author":{"gitId":"Yiheng0410"},"content":"        todo.setTaskStatus(tasStatus);"},{"lineNumber":66,"author":{"gitId":"Yiheng0410"},"content":"        return todo;"},{"lineNumber":67,"author":{"gitId":"Yiheng0410"},"content":"    }"},{"lineNumber":68,"author":{"gitId":"Yiheng0410"},"content":""},{"lineNumber":69,"author":{"gitId":"Yiheng0410"},"content":"    private static Events createEventTask(String taskDescription, boolean tasStatus, String taskDate) {"},{"lineNumber":70,"author":{"gitId":"Yiheng0410"},"content":"        Events event \u003d new Events(taskDescription,taskDate);"},{"lineNumber":71,"author":{"gitId":"Yiheng0410"},"content":"        event.setTaskStatus(tasStatus);"},{"lineNumber":72,"author":{"gitId":"Yiheng0410"},"content":"        return event;"},{"lineNumber":73,"author":{"gitId":"Yiheng0410"},"content":"    }"},{"lineNumber":74,"author":{"gitId":"Yiheng0410"},"content":""},{"lineNumber":75,"author":{"gitId":"Yiheng0410"},"content":"    private static Deadlines createDeadlineTask(String taskDescription, String taskDate, boolean tasStatus) {"},{"lineNumber":76,"author":{"gitId":"Yiheng0410"},"content":"        Deadlines ddl \u003d new Deadlines(taskDescription, taskDate);"},{"lineNumber":77,"author":{"gitId":"Yiheng0410"},"content":"        ddl.setTaskStatus(tasStatus);"},{"lineNumber":78,"author":{"gitId":"Yiheng0410"},"content":"        return ddl;"},{"lineNumber":79,"author":{"gitId":"Yiheng0410"},"content":"    }"},{"lineNumber":80,"author":{"gitId":"Yiheng0410"},"content":""},{"lineNumber":81,"author":{"gitId":"Yiheng0410"},"content":""},{"lineNumber":82,"author":{"gitId":"Yiheng0410"},"content":"    private static boolean checkStatus(String content) {"},{"lineNumber":83,"author":{"gitId":"Yiheng0410"},"content":"        return content.equalsIgnoreCase(\"1\");"},{"lineNumber":84,"author":{"gitId":"Yiheng0410"},"content":"    }"},{"lineNumber":85,"author":{"gitId":"Yiheng0410"},"content":""},{"lineNumber":86,"author":{"gitId":"Yiheng0410"},"content":""},{"lineNumber":87,"author":{"gitId":"Yiheng0410"},"content":"    public void saveToFile(TaskList tasks) throws IOException {"},{"lineNumber":88,"author":{"gitId":"Yiheng0410"},"content":"        FileWriter fw \u003d new FileWriter(path);"},{"lineNumber":89,"author":{"gitId":"Yiheng0410"},"content":""},{"lineNumber":90,"author":{"gitId":"Yiheng0410"},"content":"        Iterator\u003cTasks\u003e i \u003d tasks.iterator();"},{"lineNumber":91,"author":{"gitId":"Yiheng0410"},"content":"        while (i.hasNext()) {"},{"lineNumber":92,"author":{"gitId":"Yiheng0410"},"content":"            fw.write(i.next().saveToString());"},{"lineNumber":93,"author":{"gitId":"Yiheng0410"},"content":"            fw.write(\"\\n\");"},{"lineNumber":94,"author":{"gitId":"Yiheng0410"},"content":"        }"},{"lineNumber":95,"author":{"gitId":"Yiheng0410"},"content":"        fw.close();"},{"lineNumber":96,"author":{"gitId":"Yiheng0410"},"content":"    }"},{"lineNumber":97,"author":{"gitId":"Yiheng0410"},"content":""},{"lineNumber":98,"author":{"gitId":"Yiheng0410"},"content":"    private static void createDataFile(String path) throws IOException {"},{"lineNumber":99,"author":{"gitId":"Yiheng0410"},"content":"        String folderPath \u003d CURRENTWORKINGDIR + \"/data\";"},{"lineNumber":100,"author":{"gitId":"Yiheng0410"},"content":"        File folder \u003d new File(folderPath);"},{"lineNumber":101,"author":{"gitId":"Yiheng0410"},"content":"        if (!folder.exists() \u0026\u0026 !folder.isDirectory()) {"},{"lineNumber":102,"author":{"gitId":"Yiheng0410"},"content":"            folder.mkdirs();"},{"lineNumber":103,"author":{"gitId":"Yiheng0410"},"content":"        }"},{"lineNumber":104,"author":{"gitId":"Yiheng0410"},"content":"        FileWriter fw \u003d new FileWriter(path);"},{"lineNumber":105,"author":{"gitId":"Yiheng0410"},"content":"        fw.close();"},{"lineNumber":106,"author":{"gitId":"Yiheng0410"},"content":"    }"},{"lineNumber":107,"author":{"gitId":"Yiheng0410"},"content":"}"}],"authorContributionMap":{"Yiheng0410":107}},{"path":"src/main/java/Task/Deadlines.java","fileType":"java","lines":[{"lineNumber":1,"author":{"gitId":"Yiheng0410"},"content":"package Task;"},{"lineNumber":2,"author":{"gitId":"Yiheng0410"},"content":""},{"lineNumber":3,"author":{"gitId":"Yiheng0410"},"content":"public class Deadlines extends Tasks{"},{"lineNumber":4,"author":{"gitId":"Yiheng0410"},"content":"    private String deadline;"},{"lineNumber":5,"author":{"gitId":"Yiheng0410"},"content":""},{"lineNumber":6,"author":{"gitId":"Yiheng0410"},"content":"    public Deadlines(String description, String deadline) {"},{"lineNumber":7,"author":{"gitId":"Yiheng0410"},"content":"        super(description);"},{"lineNumber":8,"author":{"gitId":"Yiheng0410"},"content":"        super.type \u003d \"[D]\";"},{"lineNumber":9,"author":{"gitId":"Yiheng0410"},"content":"        this.deadline \u003d deadline;"},{"lineNumber":10,"author":{"gitId":"Yiheng0410"},"content":"    }"},{"lineNumber":11,"author":{"gitId":"Yiheng0410"},"content":""},{"lineNumber":12,"author":{"gitId":"Yiheng0410"},"content":"    @Override"},{"lineNumber":13,"author":{"gitId":"Yiheng0410"},"content":"    public String toString() {"},{"lineNumber":14,"author":{"gitId":"Yiheng0410"},"content":"        return super.toString() + \"(by: \" + deadline + \")\";"},{"lineNumber":15,"author":{"gitId":"Yiheng0410"},"content":"    }"},{"lineNumber":16,"author":{"gitId":"Yiheng0410"},"content":"}"}],"authorContributionMap":{"Yiheng0410":16}},{"path":"src/main/java/Task/Events.java","fileType":"java","lines":[{"lineNumber":1,"author":{"gitId":"Yiheng0410"},"content":"package Task;"},{"lineNumber":2,"author":{"gitId":"Yiheng0410"},"content":""},{"lineNumber":3,"author":{"gitId":"Yiheng0410"},"content":"public class Events extends Tasks {"},{"lineNumber":4,"author":{"gitId":"Yiheng0410"},"content":"    private String eventDateTime;"},{"lineNumber":5,"author":{"gitId":"Yiheng0410"},"content":""},{"lineNumber":6,"author":{"gitId":"Yiheng0410"},"content":"    public Events(String description, String eventDateTime) {"},{"lineNumber":7,"author":{"gitId":"Yiheng0410"},"content":"        super(description);"},{"lineNumber":8,"author":{"gitId":"Yiheng0410"},"content":"        super.type \u003d \"[E]\";"},{"lineNumber":9,"author":{"gitId":"Yiheng0410"},"content":"        this.eventDateTime \u003d eventDateTime;"},{"lineNumber":10,"author":{"gitId":"Yiheng0410"},"content":"    }"},{"lineNumber":11,"author":{"gitId":"Yiheng0410"},"content":""},{"lineNumber":12,"author":{"gitId":"Yiheng0410"},"content":"    @Override"},{"lineNumber":13,"author":{"gitId":"Yiheng0410"},"content":"    public String toString() {"},{"lineNumber":14,"author":{"gitId":"Yiheng0410"},"content":"        return super.toString() + \"(at: \" + eventDateTime + \")\";"},{"lineNumber":15,"author":{"gitId":"Yiheng0410"},"content":"    }"},{"lineNumber":16,"author":{"gitId":"Yiheng0410"},"content":""},{"lineNumber":17,"author":{"gitId":"Yiheng0410"},"content":"}"}],"authorContributionMap":{"Yiheng0410":17}},{"path":"src/main/java/Task/Tasks.java","fileType":"java","lines":[{"lineNumber":1,"author":{"gitId":"Yiheng0410"},"content":"package Task;"},{"lineNumber":2,"author":{"gitId":"Yiheng0410"},"content":""},{"lineNumber":3,"author":{"gitId":"Yiheng0410"},"content":"public  abstract class Tasks {"},{"lineNumber":4,"author":{"gitId":"Yiheng0410"},"content":"    protected String type;"},{"lineNumber":5,"author":{"gitId":"Yiheng0410"},"content":"    protected String description;"},{"lineNumber":6,"author":{"gitId":"Yiheng0410"},"content":"    protected String statusIcon;"},{"lineNumber":7,"author":{"gitId":"Yiheng0410"},"content":"    protected boolean isDone;"},{"lineNumber":8,"author":{"gitId":"Yiheng0410"},"content":""},{"lineNumber":9,"author":{"gitId":"Yiheng0410"},"content":"    public Tasks(String description) {"},{"lineNumber":10,"author":{"gitId":"Yiheng0410"},"content":"        this.description \u003d description;"},{"lineNumber":11,"author":{"gitId":"Yiheng0410"},"content":"        this.isDone \u003d false;"},{"lineNumber":12,"author":{"gitId":"Yiheng0410"},"content":"        this.statusIcon\u003d\"[✗]\";"},{"lineNumber":13,"author":{"gitId":"Yiheng0410"},"content":"    }"},{"lineNumber":14,"author":{"gitId":"Yiheng0410"},"content":""},{"lineNumber":15,"author":{"gitId":"Yiheng0410"},"content":"    public String getTaskDescription() {"},{"lineNumber":16,"author":{"gitId":"Yiheng0410"},"content":"        return description;"},{"lineNumber":17,"author":{"gitId":"Yiheng0410"},"content":"    }"},{"lineNumber":18,"author":{"gitId":"Yiheng0410"},"content":""},{"lineNumber":19,"author":{"gitId":"Yiheng0410"},"content":"    public String getTaskStatus() {"},{"lineNumber":20,"author":{"gitId":"Yiheng0410"},"content":"        if (isDone \u003d\u003dtrue){"},{"lineNumber":21,"author":{"gitId":"Yiheng0410"},"content":"            return \"[✓]\";"},{"lineNumber":22,"author":{"gitId":"Yiheng0410"},"content":"        }"},{"lineNumber":23,"author":{"gitId":"Yiheng0410"},"content":"        else return\"[✗]\";"},{"lineNumber":24,"author":{"gitId":"Yiheng0410"},"content":"    }"},{"lineNumber":25,"author":{"gitId":"Yiheng0410"},"content":""},{"lineNumber":26,"author":{"gitId":"Yiheng0410"},"content":"    public void setTaskStatus(boolean status){"},{"lineNumber":27,"author":{"gitId":"Yiheng0410"},"content":"        this.isDone\u003dstatus;"},{"lineNumber":28,"author":{"gitId":"Yiheng0410"},"content":"        setTaskStatusIcon();"},{"lineNumber":29,"author":{"gitId":"Yiheng0410"},"content":""},{"lineNumber":30,"author":{"gitId":"Yiheng0410"},"content":"    }"},{"lineNumber":31,"author":{"gitId":"Yiheng0410"},"content":""},{"lineNumber":32,"author":{"gitId":"Yiheng0410"},"content":"    public void setTaskStatusIcon(){"},{"lineNumber":33,"author":{"gitId":"Yiheng0410"},"content":"        if(isDone){"},{"lineNumber":34,"author":{"gitId":"Yiheng0410"},"content":"            this.statusIcon\u003d\"[✓]\";"},{"lineNumber":35,"author":{"gitId":"Yiheng0410"},"content":"        }"},{"lineNumber":36,"author":{"gitId":"Yiheng0410"},"content":"        else{"},{"lineNumber":37,"author":{"gitId":"Yiheng0410"},"content":"            this.statusIcon\u003d\"[✗]\";"},{"lineNumber":38,"author":{"gitId":"Yiheng0410"},"content":"        }"},{"lineNumber":39,"author":{"gitId":"Yiheng0410"},"content":"    }"},{"lineNumber":40,"author":{"gitId":"Yiheng0410"},"content":""},{"lineNumber":41,"author":{"gitId":"Yiheng0410"},"content":"    public String saveToString(){"},{"lineNumber":42,"author":{"gitId":"Yiheng0410"},"content":"        String doneStatus \u003d isDone?\"1\":\"0\";"},{"lineNumber":43,"author":{"gitId":"Yiheng0410"},"content":"        return type.charAt(1) + \"|\"+ doneStatus + \"|\" +description;"},{"lineNumber":44,"author":{"gitId":"Yiheng0410"},"content":"    }"},{"lineNumber":45,"author":{"gitId":"Yiheng0410"},"content":""},{"lineNumber":46,"author":{"gitId":"Yiheng0410"},"content":"    @Override"},{"lineNumber":47,"author":{"gitId":"Yiheng0410"},"content":"    public String toString() {"},{"lineNumber":48,"author":{"gitId":"Yiheng0410"},"content":"        return type + statusIcon + \" \" + description;"},{"lineNumber":49,"author":{"gitId":"Yiheng0410"},"content":"    }"},{"lineNumber":50,"author":{"gitId":"Yiheng0410"},"content":"}"}],"authorContributionMap":{"Yiheng0410":50}},{"path":"src/main/java/Task/ToDos.java","fileType":"java","lines":[{"lineNumber":1,"author":{"gitId":"Yiheng0410"},"content":"package Task;"},{"lineNumber":2,"author":{"gitId":"Yiheng0410"},"content":""},{"lineNumber":3,"author":{"gitId":"Yiheng0410"},"content":"public class ToDos extends Tasks {"},{"lineNumber":4,"author":{"gitId":"Yiheng0410"},"content":"    public ToDos(String description) {"},{"lineNumber":5,"author":{"gitId":"Yiheng0410"},"content":"        super(description);"},{"lineNumber":6,"author":{"gitId":"Yiheng0410"},"content":"        super.type \u003d \"[T]\";"},{"lineNumber":7,"author":{"gitId":"Yiheng0410"},"content":"    }"},{"lineNumber":8,"author":{"gitId":"Yiheng0410"},"content":"}"}],"authorContributionMap":{"Yiheng0410":8}},{"path":"src/main/java/TaskList.java","fileType":"java","lines":[{"lineNumber":1,"author":{"gitId":"Yiheng0410"},"content":"import Task.Tasks;"},{"lineNumber":2,"author":{"gitId":"Yiheng0410"},"content":""},{"lineNumber":3,"author":{"gitId":"Yiheng0410"},"content":"import java.util.ArrayList;"},{"lineNumber":4,"author":{"gitId":"Yiheng0410"},"content":"import java.util.Iterator;"},{"lineNumber":5,"author":{"gitId":"Yiheng0410"},"content":""},{"lineNumber":6,"author":{"gitId":"Yiheng0410"},"content":"public class TaskList {"},{"lineNumber":7,"author":{"gitId":"Yiheng0410"},"content":"    private ArrayList\u003cTasks\u003e taskList;"},{"lineNumber":8,"author":{"gitId":"Yiheng0410"},"content":""},{"lineNumber":9,"author":{"gitId":"Yiheng0410"},"content":"    public TaskList()"},{"lineNumber":10,"author":{"gitId":"Yiheng0410"},"content":"    {"},{"lineNumber":11,"author":{"gitId":"Yiheng0410"},"content":"        this.taskList \u003d new ArrayList\u003c\u003e();"},{"lineNumber":12,"author":{"gitId":"Yiheng0410"},"content":"    }"},{"lineNumber":13,"author":{"gitId":"Yiheng0410"},"content":""},{"lineNumber":14,"author":{"gitId":"Yiheng0410"},"content":"    public Tasks get(int i){"},{"lineNumber":15,"author":{"gitId":"Yiheng0410"},"content":""},{"lineNumber":16,"author":{"gitId":"Yiheng0410"},"content":"        return taskList.get(i);"},{"lineNumber":17,"author":{"gitId":"Yiheng0410"},"content":"    }"},{"lineNumber":18,"author":{"gitId":"Yiheng0410"},"content":""},{"lineNumber":19,"author":{"gitId":"Yiheng0410"},"content":"    public void remove(int i){"},{"lineNumber":20,"author":{"gitId":"Yiheng0410"},"content":""},{"lineNumber":21,"author":{"gitId":"Yiheng0410"},"content":"        taskList.remove(i);"},{"lineNumber":22,"author":{"gitId":"Yiheng0410"},"content":"    }"},{"lineNumber":23,"author":{"gitId":"Yiheng0410"},"content":""},{"lineNumber":24,"author":{"gitId":"Yiheng0410"},"content":"    public void add(Tasks t)"},{"lineNumber":25,"author":{"gitId":"Yiheng0410"},"content":"    {"},{"lineNumber":26,"author":{"gitId":"Yiheng0410"},"content":"        taskList.add(t);"},{"lineNumber":27,"author":{"gitId":"Yiheng0410"},"content":"    }"},{"lineNumber":28,"author":{"gitId":"Yiheng0410"},"content":""},{"lineNumber":29,"author":{"gitId":"Yiheng0410"},"content":"    public Iterator iterator(){"},{"lineNumber":30,"author":{"gitId":"Yiheng0410"},"content":""},{"lineNumber":31,"author":{"gitId":"Yiheng0410"},"content":"        return taskList.iterator();"},{"lineNumber":32,"author":{"gitId":"Yiheng0410"},"content":"    }"},{"lineNumber":33,"author":{"gitId":"Yiheng0410"},"content":""},{"lineNumber":34,"author":{"gitId":"Yiheng0410"},"content":"    public ArrayList\u003cTasks\u003e getAllTaskList(){"},{"lineNumber":35,"author":{"gitId":"Yiheng0410"},"content":"        return this. taskList;"},{"lineNumber":36,"author":{"gitId":"Yiheng0410"},"content":"    }"},{"lineNumber":37,"author":{"gitId":"Yiheng0410"},"content":""},{"lineNumber":38,"author":{"gitId":"Yiheng0410"},"content":"    public int size(){"},{"lineNumber":39,"author":{"gitId":"Yiheng0410"},"content":"        return taskList.size();"},{"lineNumber":40,"author":{"gitId":"Yiheng0410"},"content":"    }"},{"lineNumber":41,"author":{"gitId":"Yiheng0410"},"content":""},{"lineNumber":42,"author":{"gitId":"Yiheng0410"},"content":""},{"lineNumber":43,"author":{"gitId":"Yiheng0410"},"content":"    public ArrayList\u003cTasks\u003e findTask(String keyWord){"},{"lineNumber":44,"author":{"gitId":"Yiheng0410"},"content":"        ArrayList\u003cTasks\u003e matchedTaskList \u003d new ArrayList\u003c\u003e();"},{"lineNumber":45,"author":{"gitId":"Yiheng0410"},"content":"        for(Tasks t:this.taskList){"},{"lineNumber":46,"author":{"gitId":"Yiheng0410"},"content":"            if(t.getTaskDescription().contains(keyWord)){"},{"lineNumber":47,"author":{"gitId":"Yiheng0410"},"content":"                matchedTaskList.add(t);"},{"lineNumber":48,"author":{"gitId":"Yiheng0410"},"content":"            }"},{"lineNumber":49,"author":{"gitId":"Yiheng0410"},"content":"        }"},{"lineNumber":50,"author":{"gitId":"Yiheng0410"},"content":"        return matchedTaskList;"},{"lineNumber":51,"author":{"gitId":"Yiheng0410"},"content":"    }"},{"lineNumber":52,"author":{"gitId":"Yiheng0410"},"content":""},{"lineNumber":53,"author":{"gitId":"Yiheng0410"},"content":"}"},{"lineNumber":54,"author":{"gitId":"Yiheng0410"},"content":""}],"authorContributionMap":{"Yiheng0410":54}},{"path":"src/main/java/Ui.java","fileType":"java","lines":[{"lineNumber":1,"author":{"gitId":"Yiheng0410"},"content":"import Task.Tasks;"},{"lineNumber":2,"author":{"gitId":"Yiheng0410"},"content":""},{"lineNumber":3,"author":{"gitId":"Yiheng0410"},"content":"import java.util.Scanner;"},{"lineNumber":4,"author":{"gitId":"Yiheng0410"},"content":""},{"lineNumber":5,"author":{"gitId":"Yiheng0410"},"content":"public class Ui {"},{"lineNumber":6,"author":{"gitId":"Yiheng0410"},"content":"    private Scanner scanner;"},{"lineNumber":7,"author":{"gitId":"Yiheng0410"},"content":""},{"lineNumber":8,"author":{"gitId":"Yiheng0410"},"content":"    private final String logo \u003d \" ____        _        \\n\""},{"lineNumber":9,"author":{"gitId":"Yiheng0410"},"content":"            + \"|  _ \\\\ _   _| | _____ \\n\""},{"lineNumber":10,"author":{"gitId":"Yiheng0410"},"content":"            + \"| | | | | | | |/ / _ \\\\\\n\""},{"lineNumber":11,"author":{"gitId":"Yiheng0410"},"content":"            + \"| |_| | |_| |   \u003c  __/\\n\""},{"lineNumber":12,"author":{"gitId":"Yiheng0410"},"content":"            + \"|____/ \\\\__,_|_|\\\\_\\\\___|\\n\";"},{"lineNumber":13,"author":{"gitId":"Yiheng0410"},"content":""},{"lineNumber":14,"author":{"gitId":"Yiheng0410"},"content":"    private final String greetMsg \u003d \" Hello! I\u0027m Duke\\n\" + logo +\"\\n\"+"},{"lineNumber":15,"author":{"gitId":"Yiheng0410"},"content":"            \" What can I do for you?\";"},{"lineNumber":16,"author":{"gitId":"Yiheng0410"},"content":""},{"lineNumber":17,"author":{"gitId":"Yiheng0410"},"content":"    private final String exitMsg \u003d \" Bye. Hope to see you again soon!\";"},{"lineNumber":18,"author":{"gitId":"Yiheng0410"},"content":""},{"lineNumber":19,"author":{"gitId":"Yiheng0410"},"content":""},{"lineNumber":20,"author":{"gitId":"Yiheng0410"},"content":"    public Ui() {"},{"lineNumber":21,"author":{"gitId":"Yiheng0410"},"content":"        this.scanner \u003d new Scanner(System.in);"},{"lineNumber":22,"author":{"gitId":"Yiheng0410"},"content":"    }"},{"lineNumber":23,"author":{"gitId":"Yiheng0410"},"content":""},{"lineNumber":24,"author":{"gitId":"Yiheng0410"},"content":"    public String getCommand(){"},{"lineNumber":25,"author":{"gitId":"Yiheng0410"},"content":""},{"lineNumber":26,"author":{"gitId":"Yiheng0410"},"content":"        return scanner.nextLine();"},{"lineNumber":27,"author":{"gitId":"Yiheng0410"},"content":"    }"},{"lineNumber":28,"author":{"gitId":"Yiheng0410"},"content":""},{"lineNumber":29,"author":{"gitId":"Yiheng0410"},"content":"    public void print(String s){"},{"lineNumber":30,"author":{"gitId":"Yiheng0410"},"content":"        System.out.println(s);"},{"lineNumber":31,"author":{"gitId":"Yiheng0410"},"content":"    }"},{"lineNumber":32,"author":{"gitId":"Yiheng0410"},"content":""},{"lineNumber":33,"author":{"gitId":"Yiheng0410"},"content":"    public void printLine(){"},{"lineNumber":34,"author":{"gitId":"Yiheng0410"},"content":"        print(\"________________________________________________________\");"},{"lineNumber":35,"author":{"gitId":"Yiheng0410"},"content":"    }"},{"lineNumber":36,"author":{"gitId":"Yiheng0410"},"content":""},{"lineNumber":37,"author":{"gitId":"Yiheng0410"},"content":"    public void printTask(Tasks t, TaskList tasks) {"},{"lineNumber":38,"author":{"gitId":"Yiheng0410"},"content":"        print(\"Got it. I\u0027ve added this task:\");"},{"lineNumber":39,"author":{"gitId":"Yiheng0410"},"content":"        print(t.toString());"},{"lineNumber":40,"author":{"gitId":"Yiheng0410"},"content":"        print(\"Now you have \" + tasks.size() + \" tasks in the list.\");"},{"lineNumber":41,"author":{"gitId":"Yiheng0410"},"content":"    }"},{"lineNumber":42,"author":{"gitId":"Yiheng0410"},"content":""},{"lineNumber":43,"author":{"gitId":"Yiheng0410"},"content":"    public void printTaskList(TaskList tasks) {"},{"lineNumber":44,"author":{"gitId":"Yiheng0410"},"content":"        int index \u003d 1;"},{"lineNumber":45,"author":{"gitId":"Yiheng0410"},"content":"        for (Tasks task : tasks.getAllTaskList()) {"},{"lineNumber":46,"author":{"gitId":"Yiheng0410"},"content":"            print(index + \".\" + task.toString());"},{"lineNumber":47,"author":{"gitId":"Yiheng0410"},"content":"            index++;"},{"lineNumber":48,"author":{"gitId":"Yiheng0410"},"content":"        }"},{"lineNumber":49,"author":{"gitId":"Yiheng0410"},"content":"    }"},{"lineNumber":50,"author":{"gitId":"Yiheng0410"},"content":""},{"lineNumber":51,"author":{"gitId":"Yiheng0410"},"content":"    public void printGreetMsg(){"},{"lineNumber":52,"author":{"gitId":"Yiheng0410"},"content":"        print(greetMsg);"},{"lineNumber":53,"author":{"gitId":"Yiheng0410"},"content":"    }"},{"lineNumber":54,"author":{"gitId":"Yiheng0410"},"content":""},{"lineNumber":55,"author":{"gitId":"Yiheng0410"},"content":"    public void printExitMsg(){"},{"lineNumber":56,"author":{"gitId":"Yiheng0410"},"content":"        print(exitMsg);"},{"lineNumber":57,"author":{"gitId":"Yiheng0410"},"content":"    }"},{"lineNumber":58,"author":{"gitId":"Yiheng0410"},"content":""},{"lineNumber":59,"author":{"gitId":"Yiheng0410"},"content":"}"}],"authorContributionMap":{"Yiheng0410":59}},{"path":"src/main/test/ParserTest.java","fileType":"java","lines":[{"lineNumber":1,"author":{"gitId":"Yiheng0410"},"content":"import Command.*;"},{"lineNumber":2,"author":{"gitId":"Yiheng0410"},"content":""},{"lineNumber":3,"author":{"gitId":"Yiheng0410"},"content":"import org.junit.jupiter.api.Test;"},{"lineNumber":4,"author":{"gitId":"Yiheng0410"},"content":""},{"lineNumber":5,"author":{"gitId":"Yiheng0410"},"content":"import static org.junit.jupiter.api.Assertions.*;"},{"lineNumber":6,"author":{"gitId":"Yiheng0410"},"content":""},{"lineNumber":7,"author":{"gitId":"Yiheng0410"},"content":"class ParserTest {"},{"lineNumber":8,"author":{"gitId":"Yiheng0410"},"content":"    String cmdTodo\u003d\"todo go to gym\";"},{"lineNumber":9,"author":{"gitId":"Yiheng0410"},"content":"    String cmdDeadline\u003d\"deadline buy milk /by 2020-08-15\";"},{"lineNumber":10,"author":{"gitId":"Yiheng0410"},"content":"    String cmdEvent\u003d\"event attend wedding /at 2020-08-16\";"},{"lineNumber":11,"author":{"gitId":"Yiheng0410"},"content":"    String cmdList \u003d \"list\";"},{"lineNumber":12,"author":{"gitId":"Yiheng0410"},"content":"    String cmdDelete \u003d \"delete 3\";"},{"lineNumber":13,"author":{"gitId":"Yiheng0410"},"content":"    String cmdDone \u003d \"done 2\";"},{"lineNumber":14,"author":{"gitId":"Yiheng0410"},"content":"    String cmdInvalid \u003d \"that\u0027s all?\";"},{"lineNumber":15,"author":{"gitId":"Yiheng0410"},"content":""},{"lineNumber":16,"author":{"gitId":"Yiheng0410"},"content":"    @Test"},{"lineNumber":17,"author":{"gitId":"Yiheng0410"},"content":"    void getCommand() {"},{"lineNumber":18,"author":{"gitId":"Yiheng0410"},"content":"        Command todo \u003d new TodoCommand(\"todo go to gym\");"},{"lineNumber":19,"author":{"gitId":"Yiheng0410"},"content":"        Command deadline \u003d new DeadlineCommand(\"buy milk\",\"2020-08-15\");"},{"lineNumber":20,"author":{"gitId":"Yiheng0410"},"content":"        Command event \u003d new EventCommand(\"attend wedding\",\"2020-08-16\");"},{"lineNumber":21,"author":{"gitId":"Yiheng0410"},"content":"        Command list \u003d new ListCommand();"},{"lineNumber":22,"author":{"gitId":"Yiheng0410"},"content":"        Command delete \u003d new DeleteCommand(\"3\");"},{"lineNumber":23,"author":{"gitId":"Yiheng0410"},"content":"        Command done \u003d new DoneCommand(\"2\");"},{"lineNumber":24,"author":{"gitId":"Yiheng0410"},"content":"        Command unknown \u003d new InvalidCommand(\"that\u0027s\");"},{"lineNumber":25,"author":{"gitId":"Yiheng0410"},"content":""},{"lineNumber":26,"author":{"gitId":"Yiheng0410"},"content":"        try {"},{"lineNumber":27,"author":{"gitId":"Yiheng0410"},"content":""},{"lineNumber":28,"author":{"gitId":"Yiheng0410"},"content":"            assertEquals(todo.getCommandType(), Parser.getCommand(cmdTodo).getCommandType());"},{"lineNumber":29,"author":{"gitId":"Yiheng0410"},"content":"            assertEquals(deadline.getCommandType(),Parser.getCommand(cmdDeadline).getCommandType());"},{"lineNumber":30,"author":{"gitId":"Yiheng0410"},"content":"            assertEquals(event.getCommandType(),Parser.getCommand(cmdEvent).getCommandType());"},{"lineNumber":31,"author":{"gitId":"Yiheng0410"},"content":"            assertEquals(list.getCommandType(),Parser.getCommand(cmdList).getCommandType());"},{"lineNumber":32,"author":{"gitId":"Yiheng0410"},"content":"            assertEquals(delete.getCommandType(),Parser.getCommand(cmdDelete).getCommandType());"},{"lineNumber":33,"author":{"gitId":"Yiheng0410"},"content":"            assertEquals(done.getCommandType(),Parser.getCommand(cmdDone).getCommandType());"},{"lineNumber":34,"author":{"gitId":"Yiheng0410"},"content":"            assertEquals(unknown.getCommandType(),Parser.getCommand(cmdInvalid).getCommandType());"},{"lineNumber":35,"author":{"gitId":"Yiheng0410"},"content":""},{"lineNumber":36,"author":{"gitId":"Yiheng0410"},"content":"            assertEquals(todo.getCommandType(), Parser.getCommand(cmdTodo).getCommandType());"},{"lineNumber":37,"author":{"gitId":"Yiheng0410"},"content":"            assertEquals(deadline.getCommandType(),Parser.getCommand(cmdDeadline).getCommandType());"},{"lineNumber":38,"author":{"gitId":"Yiheng0410"},"content":"            assertEquals(event.getCommandType(),Parser.getCommand(cmdEvent).getCommandType());"},{"lineNumber":39,"author":{"gitId":"Yiheng0410"},"content":"            assertEquals(delete.getCommandType(),Parser.getCommand(cmdDelete).getCommandType());"},{"lineNumber":40,"author":{"gitId":"Yiheng0410"},"content":"            assertEquals(done.getCommandType(),Parser.getCommand(cmdDone).getCommandType());"},{"lineNumber":41,"author":{"gitId":"Yiheng0410"},"content":""},{"lineNumber":42,"author":{"gitId":"Yiheng0410"},"content":"        }catch(Exception e){"},{"lineNumber":43,"author":{"gitId":"Yiheng0410"},"content":"            e.getMessage();"},{"lineNumber":44,"author":{"gitId":"Yiheng0410"},"content":"        }"},{"lineNumber":45,"author":{"gitId":"Yiheng0410"},"content":"    }"},{"lineNumber":46,"author":{"gitId":"Yiheng0410"},"content":"}"}],"authorContributionMap":{"Yiheng0410":46}},{"path":"src/main/test/TaskListTest.java","fileType":"java","lines":[{"lineNumber":1,"author":{"gitId":"Yiheng0410"},"content":"import org.junit.jupiter.api.Test;"},{"lineNumber":2,"author":{"gitId":"Yiheng0410"},"content":""},{"lineNumber":3,"author":{"gitId":"Yiheng0410"},"content":"import Task.Tasks;"},{"lineNumber":4,"author":{"gitId":"Yiheng0410"},"content":"import Task.ToDos;"},{"lineNumber":5,"author":{"gitId":"Yiheng0410"},"content":"import Task.Deadlines;"},{"lineNumber":6,"author":{"gitId":"Yiheng0410"},"content":"import Task.Events;"},{"lineNumber":7,"author":{"gitId":"Yiheng0410"},"content":""},{"lineNumber":8,"author":{"gitId":"Yiheng0410"},"content":""},{"lineNumber":9,"author":{"gitId":"Yiheng0410"},"content":"import java.util.ArrayList;"},{"lineNumber":10,"author":{"gitId":"Yiheng0410"},"content":""},{"lineNumber":11,"author":{"gitId":"Yiheng0410"},"content":"import static org.junit.jupiter.api.Assertions.*;"},{"lineNumber":12,"author":{"gitId":"Yiheng0410"},"content":""},{"lineNumber":13,"author":{"gitId":"Yiheng0410"},"content":"class TaskListTest {"},{"lineNumber":14,"author":{"gitId":"Yiheng0410"},"content":""},{"lineNumber":15,"author":{"gitId":"Yiheng0410"},"content":"    ToDos todo1 \u003d new ToDos(\"go to gym\");"},{"lineNumber":16,"author":{"gitId":"Yiheng0410"},"content":"    ToDos todo2 \u003d new ToDos(\"go to supermarket\");"},{"lineNumber":17,"author":{"gitId":"Yiheng0410"},"content":"    Deadlines ddl1 \u003d new Deadlines(\"buy milk\", \"2020-08-15\");"},{"lineNumber":18,"author":{"gitId":"Yiheng0410"},"content":"    Events event1 \u003d new Events(\"attend wedding\", \"2020-08-16\");"},{"lineNumber":19,"author":{"gitId":"Yiheng0410"},"content":""},{"lineNumber":20,"author":{"gitId":"Yiheng0410"},"content":"    @Test"},{"lineNumber":21,"author":{"gitId":"Yiheng0410"},"content":"    void findTask() {"},{"lineNumber":22,"author":{"gitId":"Yiheng0410"},"content":""},{"lineNumber":23,"author":{"gitId":"Yiheng0410"},"content":"        ArrayList\u003cTasks\u003e taskList\u003d new ArrayList\u003c\u003e();"},{"lineNumber":24,"author":{"gitId":"Yiheng0410"},"content":"        TaskList original \u003d new TaskList();"},{"lineNumber":25,"author":{"gitId":"Yiheng0410"},"content":"        String keyword \u003d \"supermarket\";"},{"lineNumber":26,"author":{"gitId":"Yiheng0410"},"content":""},{"lineNumber":27,"author":{"gitId":"Yiheng0410"},"content":"        taskList.add(todo2);"},{"lineNumber":28,"author":{"gitId":"Yiheng0410"},"content":""},{"lineNumber":29,"author":{"gitId":"Yiheng0410"},"content":"        original.add(todo1);"},{"lineNumber":30,"author":{"gitId":"Yiheng0410"},"content":"        original.add(todo2);"},{"lineNumber":31,"author":{"gitId":"Yiheng0410"},"content":"        original.add(ddl1);"},{"lineNumber":32,"author":{"gitId":"Yiheng0410"},"content":"        original.add(event1);"},{"lineNumber":33,"author":{"gitId":"Yiheng0410"},"content":""},{"lineNumber":34,"author":{"gitId":"Yiheng0410"},"content":"        assertEquals(taskList, original.findTask(keyword));"},{"lineNumber":35,"author":{"gitId":"Yiheng0410"},"content":"    }"},{"lineNumber":36,"author":{"gitId":"Yiheng0410"},"content":"}"}],"authorContributionMap":{"Yiheng0410":36}}]
