{"authorDailyContributionsMap":{"Yiheng0410":[{"date":"2020-08-30","commitResults":[{"hash":"9d65a9b916f47015bda694745cde7053d5b66906","messageTitle":"Create new fort","messageBody":"","fileTypesAndContributionMap":{"java":{"insertions":4,"deletions":0}}},{"hash":"5b1a3a98a760bbe95fb3efee3d11d18b9729b4ef","messageTitle":"Re commit Level-0 to A-CodingStandard","messageBody":"","tags":["Level-4","Level-3","Level-2","Level-1","Level-0","A-CodingStandard"],"fileTypesAndContributionMap":{"java":{"insertions":170,"deletions":1}}}]},{"date":"2020-09-04","commitResults":[{"hash":"7eb6a54d4b3bd9d51ec62d6831040f6049931eba","messageTitle":"Level-5","messageBody":"","tags":["Level-5","A-CodeQuality"],"fileTypesAndContributionMap":{"java":{"insertions":41,"deletions":10}}},{"hash":"1cb2588f761779c0dc6d5ee85f7d739779184d98","messageTitle":"Make task a abstract class","messageBody":"","tags":["Level-6","A-Packages","A-AbstractClasses"],"fileTypesAndContributionMap":{"java":{"insertions":1,"deletions":1}}}]},{"date":"2020-09-18","commitResults":[{"hash":"157e7a81263b5c98480c154436c559a77eca33df","messageTitle":"Level-6","messageBody":"","tags":["Level-7"],"fileTypesAndContributionMap":{"java":{"insertions":159,"deletions":0}}},{"hash":"f70bc80929334f519373f883870ff0800b97d876","messageTitle":"Level-6","messageBody":"","tags":["JavaDoc","A-MoreOOP","A-Jar"],"fileTypesAndContributionMap":{"java":{"insertions":196,"deletions":149}}}]},{"date":"2020-09-28","commitResults":[{"hash":"f8821ea5a282b34cc7726507410b7c275cac30ab","messageTitle":"Level-6","messageBody":"","fileTypesAndContributionMap":{"java":{"insertions":326,"deletions":114}}},{"hash":"6548863944050f74d16282cea9f9493563ef3af4","messageTitle":"A-MoreOOP","messageBody":"","tags":["Level-9","Level-8"],"fileTypesAndContributionMap":{"txt":{"insertions":4,"deletions":0}}},{"hash":"1840c8114dbfb8da8b0d708689cacbd52fed1cee","messageTitle":"Level 9","messageBody":"","tags":["A-JUnit"],"fileTypesAndContributionMap":{"java":{"insertions":23,"deletions":0}}},{"hash":"36bdedeb1d0d7ab1e7e44437652c4f383053ccae","messageTitle":"A-JUnit","messageBody":"","fileTypesAndContributionMap":{"java":{"insertions":89,"deletions":3}}},{"hash":"f89981c56cbaca675c926536de2c7fb1665d2074","messageTitle":"A-JUnit","messageBody":"","fileTypesAndContributionMap":{"java":{"insertions":1,"deletions":1}}},{"hash":"1eea0fded7e22aba253996e1e82aa368ef148640","messageTitle":"Minor changes on Duke.Java","messageBody":"","fileTypesAndContributionMap":{"java":{"insertions":1,"deletions":1}}},{"hash":"2f29612c33dd358a015abecd969a60694f891ae2","messageTitle":"A-UserGuide","messageBody":"","fileTypesAndContributionMap":{"java":{"insertions":3,"deletions":7},"md":{"insertions":123,"deletions":0}}},{"hash":"acfbfc75bd35d9e74cfc36790c1a4c23ed831453","messageTitle":"Fixed file path issue","messageBody":"","tags":["V2.0"],"fileTypesAndContributionMap":{"java":{"insertions":58,"deletions":10}}}]},{"date":"2020-10-04","commitResults":[{"hash":"7acf62394c7fcb252f86aef67247e27901fd4647","messageTitle":"Updated README file","messageBody":"","fileTypesAndContributionMap":{"md":{"insertions":113,"deletions":10}}},{"hash":"891f3d3e5e27060c5956a25e9c73d132425cdb00","messageTitle":"update README file","messageBody":"","fileTypesAndContributionMap":{"md":{"insertions":122,"deletions":108}}},{"hash":"40f9869ba2339ef514dc94f31bbf4d633e0df18b","messageTitle":"update README file and delete folders not in use","messageBody":"","fileTypesAndContributionMap":{"md":{"insertions":22,"deletions":129}}},{"hash":"14e22713b96a90d9de82cbf2f349282fcb259d48","messageTitle":"updates on Ui class minor changes on Duke and Parser class rename OtherCommand class to InvalidCommand class","messageBody":"","fileTypesAndContributionMap":{"txt":{"insertions":3,"deletions":4},"java":{"insertions":74,"deletions":90}}},{"hash":"9e2a60377f76efcf7506984ed9736251596a5741","messageTitle":"Update on ParserTest","messageBody":"","fileTypesAndContributionMap":{"java":{"insertions":3,"deletions":3}}},{"hash":"5214b2804009f27fabc23c92195cd36e1cec8cb2","messageTitle":"Update README.md","messageBody":"","fileTypesAndContributionMap":{"md":{"insertions":2,"deletions":1}}}]},{"date":"2020-10-05","commitResults":[{"hash":"28472bae2ecafee6feeab3689d3d9d72fa4f62df","messageTitle":"Update README.md","messageBody":"typo correction.","fileTypesAndContributionMap":{"md":{"insertions":1,"deletions":1}}}]}]},"authorFileTypeContributionMap":{"Yiheng0410":{"java":765,"md":141,"fxml":0,"sh":0,"bat":0,"gradle":0,"txt":3}},"authorContributionVariance":{"Yiheng0410":23569.31},"authorDisplayNameMap":{"Yiheng0410":"TIC4002-F18-1 ZHEN..HENG"}}
