{"authorDailyContributionsMap":{"e0261618":[{"date":"2020-09-01","commitResults":[{"hash":"c6ea10ea068226f5bbcfd6c748b48052eaa2c400","messageTitle":"Commit Level 0 - Greet","messageBody":"","tags":["Level-1"],"fileTypesAndContributionMap":{"java":{"insertions":13,"deletions":2}}},{"hash":"c79b4ed0c64d1d92fac47637da86e05b26b53f85","messageTitle":"Level 1. Greet, Echo, Exit","messageBody":"","tags":["Level-2"],"fileTypesAndContributionMap":{"java":{"insertions":21,"deletions":6}}},{"hash":"e58e4391a93960b39d79faf66dd09279bd4fa4da","messageTitle":"Level 2. Add, List","messageBody":"","tags":["Level-3-1","Level-3"],"fileTypesAndContributionMap":{"java":{"insertions":30,"deletions":3}}},{"hash":"7ca4520831c7b098156243c50bba81ef380dcf25","messageTitle":"Level 3. Mark as Done (Added Extension class)","messageBody":"","tags":["Level-4"],"fileTypesAndContributionMap":{"java":{"insertions":53,"deletions":8}}}]},{"date":"2020-09-08","commitResults":[{"hash":"a1091573b3d29822141ea4959c69c22f61fab25c","messageTitle":"Level 4 - ToDos, Events, Deadlines","messageBody":"","tags":["Level-5"],"fileTypesAndContributionMap":{"java":{"insertions":129,"deletions":34}}}]},{"date":"2020-09-09","commitResults":[{"hash":"ef6430e9e8a8794e54c036e3b5209167010e92e4","messageTitle":"Level 5 - Handle Errors","messageBody":"","tags":["Level-6"],"fileTypesAndContributionMap":{"java":{"insertions":81,"deletions":36}}},{"hash":"fb6ccd841c8437f41125b7f2213c67651b5fd1df","messageTitle":"Level 6. Delete","messageBody":"","tags":["Level-7"],"fileTypesAndContributionMap":{"java":{"insertions":17,"deletions":6}}}]},{"date":"2020-09-16","commitResults":[{"hash":"4aa8858e02649c7fbee333731159dcc72f6dcd95","messageTitle":"Level 7. Save","messageBody":"","fileTypesAndContributionMap":{"txt":{"insertions":0,"deletions":0},"java":{"insertions":153,"deletions":8}}}]},{"date":"2020-09-22","commitResults":[{"hash":"be3779a343c8c3b0c83abda841a3c778bfd82552","messageTitle":"commit code quality","messageBody":"","tags":["branch-A-CodeQuality"],"fileTypesAndContributionMap":{"java":{"insertions":2,"deletions":1}}},{"hash":"9668918f58ea7e876d201695da580eecfc5b3d0f","messageTitle":"Added comments to show - using of abstract classes and method","messageBody":"","tags":["A-JavaDoc2","A-JavaDoc","A-AbstractClasses"],"fileTypesAndContributionMap":{"java":{"insertions":2,"deletions":2}}},{"hash":"abde4559eb0993a7fbb1344265c40a616c85a5c9","messageTitle":"added header comments","messageBody":"","tags":["v0.1","A-MoreOOP"],"fileTypesAndContributionMap":{"java":{"insertions":6,"deletions":4}}}]},{"date":"2020-09-23","commitResults":[{"hash":"0a4dca970689bf3e9ed7b4059645916c42f32004","messageTitle":"A more OOP methods, created different class for ui, parser etc","messageBody":"","tags":["Level-8"],"fileTypesAndContributionMap":{"txt":{"insertions":2,"deletions":0},"java":{"insertions":463,"deletions":280}}},{"hash":"304fd8495e33e21dd918e0257ed4f1181d9bcb3d","messageTitle":"Level-8 Use Local Date in event and deadline class","messageBody":"","tags":["Level-9"],"fileTypesAndContributionMap":{"txt":{"insertions":2,"deletions":1},"java":{"insertions":55,"deletions":30}}},{"hash":"6699297e6780cefcc24abdefb0c83805cdfbefad","messageTitle":"Level 9 Find Command, also clean up some alignment","messageBody":"","fileTypesAndContributionMap":{"java":{"insertions":45,"deletions":7}}}]},{"date":"2020-09-26","commitResults":[{"hash":"04cfaa7340138aca5fbeb6fad88b7eb817f6f3f4","messageTitle":"Put all class under 1 package Duke","messageBody":"","tags":["v0.2"],"fileTypesAndContributionMap":{"txt":{"insertions":2,"deletions":1},"java":{"insertions":47,"deletions":3}}},{"hash":"40431959f424fd06347973d31983a9e8ecd210c7","messageTitle":"Added Junit Test","messageBody":"","fileTypesAndContributionMap":{"java":{"insertions":12,"deletions":0}}},{"hash":"8c7d85c223df5f318438959b1de904863a6e30f8","messageTitle":"added Junit Test","messageBody":"","fileTypesAndContributionMap":{"java":{"insertions":17,"deletions":0}}},{"hash":"27eee96ef10678dde3994dc60cf2803ccafe10fd","messageTitle":"added one more junit test","messageBody":"","fileTypesAndContributionMap":{"java":{"insertions":18,"deletions":0}}}]}]},"authorFileTypeContributionMap":{"e0261618":{"java":743,"md":0,"fxml":0,"sh":0,"bat":0,"gradle":0,"txt":4}},"authorContributionVariance":{"e0261618":18767.56},"authorDisplayNameMap":{"e0261618":"TIC4002-F18-4 HNGO.. WEN"}}
