{"repoSenseVersion":"57edc43092","reportGeneratedTime":"Sun Apr 18 08:22:49 2021 UTC+08:00","reportGenerationTime":" 8.19 second(s)","zoneId":"UTC+08:00","reportTitle":"RepoSense Report","repos":[{"location":{"location":"https://github.com/JanuariusJang/ip.git","repoName":"ip","organization":"JanuariusJang"},"branch":"master","displayName":"JanuariusJang/ip[master]","outputFolderName":"JanuariusJang_ip_master"},{"location":{"location":"https://github.com/Yiheng0410/ip.git","repoName":"ip","organization":"Yiheng0410"},"branch":"master","displayName":"Yiheng0410/ip[master]","outputFolderName":"Yiheng0410_ip_master"},{"location":{"location":"https://github.com/Chilaiping/ip.git","repoName":"ip","organization":"Chilaiping"},"branch":"master","displayName":"Chilaiping/ip[master]","outputFolderName":"Chilaiping_ip_master"},{"location":{"location":"https://github.com/e0260222/ip.git","repoName":"ip","organization":"e0260222"},"branch":"master","displayName":"e0260222/ip[master]","outputFolderName":"e0260222_ip_master"},{"location":{"location":"https://github.com/skyventus/ip.git","repoName":"ip","organization":"skyventus"},"branch":"master","displayName":"skyventus/ip[master]","outputFolderName":"skyventus_ip_master"},{"location":{"location":"https://github.com/Impala36/ip.git","repoName":"ip","organization":"Impala36"},"branch":"master","displayName":"Impala36/ip[master]","outputFolderName":"Impala36_ip_master"},{"location":{"location":"https://github.com/daiweinus/ip.git","repoName":"ip","organization":"daiweinus"},"branch":"master","displayName":"daiweinus/ip[master]","outputFolderName":"daiweinus_ip_master"},{"location":{"location":"https://github.com/dgc5213/ip.git","repoName":"ip","organization":"dgc5213"},"branch":"master","displayName":"dgc5213/ip[master]","outputFolderName":"dgc5213_ip_master"},{"location":{"location":"https://github.com/tototto/ip.git","repoName":"ip","organization":"tototto"},"branch":"master","displayName":"tototto/ip[master]","outputFolderName":"tototto_ip_master"},{"location":{"location":"https://github.com/e0261618/ip.git","repoName":"ip","organization":"e0261618"},"branch":"master","displayName":"e0261618/ip[master]","outputFolderName":"e0261618_ip_master"},{"location":{"location":"https://github.com/timmyly7/ip.git","repoName":"ip","organization":"timmyly7"},"branch":"master","displayName":"timmyly7/ip[master]","outputFolderName":"timmyly7_ip_master"},{"location":{"location":"https://github.com/adi-kd0021/ip.git","repoName":"ip","organization":"adi-kd0021"},"branch":"master","displayName":"adi-kd0021/ip[master]","outputFolderName":"adi-kd0021_ip_master"},{"location":{"location":"https://github.com/binbinhui/ip.git","repoName":"ip","organization":"binbinhui"},"branch":"master","displayName":"binbinhui/ip[master]","outputFolderName":"binbinhui_ip_master"},{"location":{"location":"https://github.com/linqing42/ip.git","repoName":"ip","organization":"linqing42"},"branch":"master","displayName":"linqing42/ip[master]","outputFolderName":"linqing42_ip_master"},{"location":{"location":"https://github.com/ZhengShijieNUS/ip.git","repoName":"ip","organization":"ZhengShijieNUS"},"branch":"master","displayName":"ZhengShijieNUS/ip[master]","outputFolderName":"ZhengShijieNUS_ip_master"},{"location":{"location":"https://github.com/HongJiancheng/ip.git","repoName":"ip","organization":"HongJiancheng"},"branch":"master","displayName":"HongJiancheng/ip[master]","outputFolderName":"HongJiancheng_ip_master"}],"errorList":[{"repoName":"Chenduo1412/ip[master]","errorMessage":"Unexpected error stack trace for https://github.com/Chenduo1412/ip.git:\n\u003ejava.lang.NumberFormatException: For input string: \"\"\n\tat java.base/java.lang.NumberFormatException.forInputString(NumberFormatException.java:65)\n\tat java.base/java.lang.Long.parseLong(Long.java:702)\n\tat java.base/java.lang.Long.parseLong(Long.java:817)\n\tat java.base/java.text.DigitList.getLong(DigitList.java:195)\n\tat java.base/java.text.DecimalFormat.parse(DecimalFormat.java:2121)\n\tat java.base/java.text.SimpleDateFormat.subParse(SimpleDateFormat.java:1933)\n\tat java.base/java.text.SimpleDateFormat.parse(SimpleDateFormat.java:1541)\n\tat java.base/java.text.DateFormat.parse(DateFormat.java:393)\n\tat reposense.commits.CommitInfoAnalyzer.analyzeCommit(CommitInfoAnalyzer.java:92)\n\tat reposense.commits.CommitInfoAnalyzer.lambda$analyzeCommits$0(CommitInfoAnalyzer.java:71)\n\tat java.base/java.util.stream.ReferencePipeline$3$1.accept(ReferencePipeline.java:195)\n\tat java.base/java.util.ArrayList$ArrayListSpliterator.forEachRemaining(ArrayList.java:1655)\n\tat java.base/java.util.stream.AbstractPipeline.copyInto(AbstractPipeline.java:484)\n\tat java.base/java.util.stream.AbstractPipeline.wrapAndCopyInto(AbstractPipeline.java:474)\n\tat java.base/java.util.stream.ReduceOps$ReduceOp.evaluateSequential(ReduceOps.java:913)\n\tat java.base/java.util.stream.AbstractPipeline.evaluate(AbstractPipeline.java:234)\n\tat java.base/java.util.stream.ReferencePipeline.collect(ReferencePipeline.java:578)\n\tat reposense.commits.CommitInfoAnalyzer.analyzeCommits(CommitInfoAnalyzer.java:76)\n\tat reposense.commits.CommitsReporter.generateCommitSummary(CommitsReporter.java:21)\n\tat reposense.report.ReportGenerator.analyzeRepo(ReportGenerator.java:346)\n\tat reposense.report.ReportGenerator.analyzeRepos(ReportGenerator.java:303)\n\tat reposense.report.ReportGenerator.lambda$cloneAndAnalyzeRepos$1(ReportGenerator.java:214)\n\tat java.base/java.util.concurrent.CompletableFuture$UniApply.tryFire(CompletableFuture.java:642)\n\tat java.base/java.util.concurrent.CompletableFuture$Completion.run(CompletableFuture.java:478)\n\tat java.base/java.util.concurrent.ThreadPoolExecutor.runWorker(ThreadPoolExecutor.java:1128)\n\tat java.base/java.util.concurrent.ThreadPoolExecutor$Worker.run(ThreadPoolExecutor.java:628)\n\tat java.base/java.lang.Thread.run(Thread.java:834)\n"}],"sinceDate":"2020-08-14","untilDate":"2021-04-18","isSinceDateProvided":true,"isUntilDateProvided":false}
