{"repoSenseVersion":"57edc43092","reportGeneratedTime":"Wed Apr 14 08:20:54 2021 UTC+08:00","reportGenerationTime":" 7.05 second(s)","zoneId":"UTC+08:00","reportTitle":"RepoSense Report","repos":[{"location":{"location":"https://github.com/JanuariusJang/ip.git","repoName":"ip","organization":"JanuariusJang"},"branch":"master","displayName":"JanuariusJang/ip[master]","outputFolderName":"JanuariusJang_ip_master"},{"location":{"location":"https://github.com/Yiheng0410/ip.git","repoName":"ip","organization":"Yiheng0410"},"branch":"master","displayName":"Yiheng0410/ip[master]","outputFolderName":"Yiheng0410_ip_master"},{"location":{"location":"https://github.com/Chilaiping/ip.git","repoName":"ip","organization":"Chilaiping"},"branch":"master","displayName":"Chilaiping/ip[master]","outputFolderName":"Chilaiping_ip_master"},{"location":{"location":"https://github.com/e0260222/ip.git","repoName":"ip","organization":"e0260222"},"branch":"master","displayName":"e0260222/ip[master]","outputFolderName":"e0260222_ip_master"},{"location":{"location":"https://github.com/Chenduo1412/ip.git","repoName":"ip","organization":"Chenduo1412"},"branch":"master","displayName":"Chenduo1412/ip[master]","outputFolderName":"Chenduo1412_ip_master"},{"location":{"location":"https://github.com/skyventus/ip.git","repoName":"ip","organization":"skyventus"},"branch":"master","displayName":"skyventus/ip[master]","outputFolderName":"skyventus_ip_master"},{"location":{"location":"https://github.com/Impala36/ip.git","repoName":"ip","organization":"Impala36"},"branch":"master","displayName":"Impala36/ip[master]","outputFolderName":"Impala36_ip_master"},{"location":{"location":"https://github.com/daiweinus/ip.git","repoName":"ip","organization":"daiweinus"},"branch":"master","displayName":"daiweinus/ip[master]","outputFolderName":"daiweinus_ip_master"},{"location":{"location":"https://github.com/dgc5213/ip.git","repoName":"ip","organization":"dgc5213"},"branch":"master","displayName":"dgc5213/ip[master]","outputFolderName":"dgc5213_ip_master"},{"location":{"location":"https://github.com/tototto/ip.git","repoName":"ip","organization":"tototto"},"branch":"master","displayName":"tototto/ip[master]","outputFolderName":"tototto_ip_master"},{"location":{"location":"https://github.com/e0261618/ip.git","repoName":"ip","organization":"e0261618"},"branch":"master","displayName":"e0261618/ip[master]","outputFolderName":"e0261618_ip_master"},{"location":{"location":"https://github.com/timmyly7/ip.git","repoName":"ip","organization":"timmyly7"},"branch":"master","displayName":"timmyly7/ip[master]","outputFolderName":"timmyly7_ip_master"},{"location":{"location":"https://github.com/adi-kd0021/ip.git","repoName":"ip","organization":"adi-kd0021"},"branch":"master","displayName":"adi-kd0021/ip[master]","outputFolderName":"adi-kd0021_ip_master"},{"location":{"location":"https://github.com/binbinhui/ip.git","repoName":"ip","organization":"binbinhui"},"branch":"master","displayName":"binbinhui/ip[master]","outputFolderName":"binbinhui_ip_master"},{"location":{"location":"https://github.com/linqing42/ip.git","repoName":"ip","organization":"linqing42"},"branch":"master","displayName":"linqing42/ip[master]","outputFolderName":"linqing42_ip_master"},{"location":{"location":"https://github.com/ZhengShijieNUS/ip.git","repoName":"ip","organization":"ZhengShijieNUS"},"branch":"master","displayName":"ZhengShijieNUS/ip[master]","outputFolderName":"ZhengShijieNUS_ip_master"},{"location":{"location":"https://github.com/HongJiancheng/ip.git","repoName":"ip","organization":"HongJiancheng"},"branch":"master","displayName":"HongJiancheng/ip[master]","outputFolderName":"HongJiancheng_ip_master"}],"errorList":[],"sinceDate":"2020-08-14","untilDate":"2021-04-14","isSinceDateProvided":true,"isUntilDateProvided":false}
