{"authorDailyContributionsMap":{"Chilaiping":[{"date":"2020-08-15","commitResults":[{"hash":"4655c6b961211c0d8e1e04f67feaf7335081f582","messageTitle":"Level 0 - Greet","messageBody":"","tags":["Level-0"],"fileTypesAndContributionMap":{"java":{"insertions":20,"deletions":0}}},{"hash":"55c147ec6ea4303c5354d5c18d46e360e4ab62fa","messageTitle":"Level 1 - Greet, Echo, Exit","messageBody":"","tags":["Level-1"],"fileTypesAndContributionMap":{"java":{"insertions":22,"deletions":3}}},{"hash":"9d8398dcb795b5c3627e2c1e40178770b79d70a2","messageTitle":"Level 2 - Add, List","messageBody":"","tags":["Level-2"],"fileTypesAndContributionMap":{"java":{"insertions":38,"deletions":14}}},{"hash":"3336464ecd09a6970d0134b23d25379c89fc5fa6","messageTitle":"Level 3 - Mark as Done","messageBody":"","tags":["Level-3","A-Classes"],"fileTypesAndContributionMap":{"java":{"insertions":82,"deletions":12}}}]},{"date":"2020-08-23","commitResults":[{"hash":"cd67670fbefefb2c0d223ff420feb3e9557ec71f","messageTitle":"Level 4 - ToDos, Events, Deadlines","messageBody":"","tags":["Level-4","A-Inheritance"],"fileTypesAndContributionMap":{"java":{"insertions":113,"deletions":12}}}]},{"date":"2020-08-27","commitResults":[{"hash":"2ac615896c0be4a2afafd30454fc85c6515ff31b","messageTitle":"A-TextUiTesting: Automated Text UI Testing","messageBody":"","tags":["A-TextUiTesting"],"fileTypesAndContributionMap":{"txt":{"insertions":7,"deletions":0},"java":{"insertions":15,"deletions":7},"sh":{"insertions":6,"deletions":5}}}]},{"date":"2020-08-28","commitResults":[{"hash":"88eef02b052f11d15bf7ec6ef0d2acf452b169f4","messageTitle":"A-CodingStandard: Follow the Coding Standard","messageBody":"","tags":["A-CodingStandard"],"fileTypesAndContributionMap":{"java":{"insertions":91,"deletions":93}}}]},{"date":"2020-08-30","commitResults":[{"hash":"7341480c0b11c71e87a9ef64005925d2ccff8ec7","messageTitle":"Level 5. Handle Errors","messageBody":"","tags":["Level-5","A-Exceptions"],"fileTypesAndContributionMap":{"java":{"insertions":90,"deletions":53}}},{"hash":"ebff90755dac2278b16f7f21254f44d3f9bb94f3","messageTitle":"Level-5. Remove unnecessary comment","messageBody":"","fileTypesAndContributionMap":{"java":{"insertions":7,"deletions":9}}},{"hash":"2d8f07ff7c49cb663a0b629731b5abc500c402cf","messageTitle":"Branch Testing (W/o ff)","messageBody":"","fileTypesAndContributionMap":{"java":{"insertions":10,"deletions":8}}},{"hash":"34f4fdc2fbc3b85aa308f7ba31d6155a8e262928","messageTitle":"Branch Testing 2 (W/o ff)","messageBody":"","fileTypesAndContributionMap":{"java":{"insertions":1,"deletions":1}}}]},{"date":"2020-09-04","commitResults":[{"hash":"f9496215bbd2c83b83a1aadd79aaa9dda3d08627","messageTitle":"A-CodeQuality : Improve Code Quality","messageBody":"","tags":["A-CodeQuality"],"fileTypesAndContributionMap":{"java":{"insertions":36,"deletions":35}}}]},{"date":"2020-09-05","commitResults":[{"hash":"16ab9b854ac23fe8981299d29286076bed068320","messageTitle":"A-AbstractClasses: Use Abstract Classes","messageBody":"","tags":["A-AbstractClasses"],"fileTypesAndContributionMap":{"java":{"insertions":13,"deletions":8}}},{"hash":"ee9f47ae1c415e21b209d483a2946f5419fdbc5f","messageTitle":"A-Packages: Organize into Packages - Adding Duke Package","messageBody":"","fileTypesAndContributionMap":{"java":{"insertions":12,"deletions":1}}}]},{"date":"2020-09-06","commitResults":[{"hash":"acdb4a39ae3a3a848ee7f7b5b7aec6c4668c686d","messageTitle":"A-Packages: Organize into Packages - Divide into multiples packages","messageBody":"","fileTypesAndContributionMap":{"java":{"insertions":6,"deletions":185}}},{"hash":"f5405e4cb6f3c659c1c8cfa3fe6eaf3550cf0833","messageTitle":"A-Packages: Organize into Packages - Upload packages file","messageBody":"","tags":["A-Packages"],"fileTypesAndContributionMap":{"java":{"insertions":214,"deletions":0}}},{"hash":"3efa1fd1640c41ca391fdacfffae85f464a51217","messageTitle":"Level-6: Delete Function","messageBody":"","fileTypesAndContributionMap":{"java":{"insertions":57,"deletions":16}}},{"hash":"e56acfce98f5aa4b632fc74a707073b86084d666","messageTitle":"Level-6: Delete Function - Tidy up some code","messageBody":"","tags":["Level-6","A-Collections"],"fileTypesAndContributionMap":{"java":{"insertions":6,"deletions":4}}}]},{"date":"2020-09-10","commitResults":[{"hash":"384b911502de336af06bc8783ead3470bee68553","messageTitle":"Level-7: Save - Added File Handling","messageBody":"","tags":["Level-7"],"fileTypesAndContributionMap":{"java":{"insertions":114,"deletions":2}}},{"hash":"a1e4f40e854c04ce740d34bfb5fc84737019855f","messageTitle":"A-JavaDoc - Added Some Comments for testing","messageBody":"","fileTypesAndContributionMap":{"java":{"insertions":27,"deletions":2}}},{"hash":"c70dd74539c752c0d5f3857ffe8bb42766bb20a8","messageTitle":"Revert \"A-JavaDoc - Added Some Comments for testing\"","messageBody":"This reverts commit a1e4f40e854c04ce740d34bfb5fc84737019855f.\n","fileTypesAndContributionMap":{"java":{"insertions":2,"deletions":27}}},{"hash":"53979aefc89f4aa3107a69368c7c83ccd6fc6748","messageTitle":"A-JavaDoc - Added Some Comments for testing","messageBody":"","tags":["A-JavaDoc"],"fileTypesAndContributionMap":{"java":{"insertions":22,"deletions":1}}}]},{"date":"2020-09-11","commitResults":[{"hash":"4c65a2c41af5c7e2fe8c6998ab25a20467bc0119","messageTitle":"A-Jar: Create a JAR File","messageBody":"","tags":["A-Jar"],"fileTypesAndContributionMap":{"java":{"insertions":1,"deletions":6}}}]},{"date":"2020-09-17","commitResults":[{"hash":"a25751bc193098221721e756fc8faf83083abad5","messageTitle":"A-MoreOOP: Use More OOP","messageBody":"","tags":["A-MoreOOP"],"fileTypesAndContributionMap":{"java":{"insertions":1,"deletions":0}}}]},{"date":"2020-09-18","commitResults":[{"hash":"be5bfe5951c24f9232281f1b6f56162696c21bd8","messageTitle":"A-MoreOOP: Use More OOP - extract minimum classes required","messageBody":"","fileTypesAndContributionMap":{"java":{"insertions":165,"deletions":38}}}]},{"date":"2020-09-19","commitResults":[{"hash":"2d9ccd450de222c3473ed9321ddb8490612f4a70","messageTitle":"A-MoreOOP: Use More OOP - tidy up some codes and handled delete function from files","messageBody":"","fileTypesAndContributionMap":{"java":{"insertions":56,"deletions":103}}},{"hash":"cce9a9c191598e2ae53d582cfb56cc7b050363d8","messageTitle":"Level-8 : Dates and Times - Implemented for Datelines","messageBody":"","tags":["Level-8"],"fileTypesAndContributionMap":{"java":{"insertions":82,"deletions":17}}},{"hash":"9da9b71305b0329d5e8a89b9acde7cb8cbb80d91","messageTitle":"Level-9 : Find","messageBody":"","tags":["Level-9"],"fileTypesAndContributionMap":{"java":{"insertions":39,"deletions":0}}}]},{"date":"2020-09-27","commitResults":[{"hash":"eead22b9ab523fd264129a58794aee5d2a383f09","messageTitle":"A-JUnit: Add JUnit Tests - Added 2 basic Test Case, Add and Delete","messageBody":"","fileTypesAndContributionMap":{"java":{"insertions":6,"deletions":0}}},{"hash":"71240803390013d29bcb0f61cf454e71fc3a3984","messageTitle":"A-JUnit: Add JUnit Tests - Added 2 basic Test Case, Add and Delete","messageBody":"","tags":["A-JUnit"],"fileTypesAndContributionMap":{"txt":{"insertions":3,"deletions":0},"java":{"insertions":79,"deletions":0}}},{"hash":"5238b0e7d5ef18d199967bfe9db8e82637af0363","messageTitle":"A-UserGuide: User Guide","messageBody":"","tags":["A-UserGuide"],"fileTypesAndContributionMap":{"md":{"insertions":17,"deletions":2}}}]},{"date":"2020-09-28","commitResults":[{"hash":"d02fa67fc781dd52d5f8c153fd3575870800b7c2","messageTitle":"A-UserGuide: Updated the User Guide in the docs folder","messageBody":"","fileTypesAndContributionMap":{"txt":{"insertions":2,"deletions":1},"md":{"insertions":99,"deletions":6}}},{"hash":"ce4c3bc0ddff8d6a17f139febb803c2343fbd323","messageTitle":"A-UserGuide: Updated the User Guide in the docs folder","messageBody":"","fileTypesAndContributionMap":{"md":{"insertions":4,"deletions":0}}},{"hash":"504a9ca08491d2488801211e3dbb89efc52f7d24","messageTitle":"A-UserGuide: Updated some alignment in Readme.md in docs folder","messageBody":"","fileTypesAndContributionMap":{"md":{"insertions":6,"deletions":0}}},{"hash":"0851007a279c3fc9d43ea81398ab4dd534a3e439","messageTitle":"A-UserGuide: Fixed some typo in Readme.md in docs folder","messageBody":"","fileTypesAndContributionMap":{"md":{"insertions":3,"deletions":1}}},{"hash":"539eadf92b74b9e46e8229b96f9015db5fc9c6a1","messageTitle":"Update JAR file and remove some unused library","messageBody":"","tags":["v0.0"],"fileTypesAndContributionMap":{"txt":{"insertions":4,"deletions":3},"java":{"insertions":9,"deletions":40}}}]},{"date":"2021-01-27","commitResults":[{"hash":"ab8e2c6824a7495bfb9151ea397fcb22b6494696","messageTitle":"Added A-Gradle","messageBody":"","fileTypesAndContributionMap":{"java":{"insertions":0,"deletions":2}}},{"hash":"b6a7718078f89128d23c84d3638b3c1f1e471e72","messageTitle":"Added A-Gradle","messageBody":"","fileTypesAndContributionMap":{"gradle":{"insertions":38,"deletions":0},"bat":{"insertions":89,"deletions":0}}}]},{"date":"2021-01-28","commitResults":[{"hash":"4f4843c4322a29c70c0943db586fe00348ad58be","messageTitle":"Added A-CheckStyle","messageBody":"","tags":["A-CheckStyle"],"fileTypesAndContributionMap":{"gradle":{"insertions":20,"deletions":4},"txt":{"insertions":3,"deletions":2}}},{"hash":"f3acbe29342115549bedd11a5c387e0dd55efc48","messageTitle":"Added A-CheckStyle check condition and check file","messageBody":"","fileTypesAndContributionMap":{"gradle":{"insertions":5,"deletions":3},"txt":{"insertions":2,"deletions":2},"java":{"insertions":54,"deletions":51}}}]},{"date":"2021-02-04","commitResults":[{"hash":"440bb2c0a4aeaf22d99872493e3fa514b35a4856","messageTitle":"Added GUI","messageBody":"","fileTypesAndContributionMap":{"gradle":{"insertions":37,"deletions":11},"txt":{"insertions":1,"deletions":3},"fxml":{"insertions":35,"deletions":0},"java":{"insertions":336,"deletions":108}}}]},{"date":"2021-02-08","commitResults":[{"hash":"bdd1da4df3a2d82ae3f970b75fd439771c46eee6","messageTitle":"Generate jar File","messageBody":"","tags":["JAR-with-GUI"],"fileTypesAndContributionMap":{"gradle":{"insertions":24,"deletions":20},"txt":{"insertions":2,"deletions":2},"fxml":{"insertions":1,"deletions":1},"java":{"insertions":2,"deletions":2}}}]},{"date":"2021-02-09","commitResults":[{"hash":"e70da235604490f9692e7412e0f35dc5494a8108","messageTitle":"Added gradle.yml for CI","messageBody":"","tags":["A-CI"],"fileTypesAndContributionMap":{"gradle":{"insertions":3,"deletions":1}}}]},{"date":"2021-02-11","commitResults":[{"hash":"341dffedd870b9a33a37cd1127d0ff438e1cc45c","messageTitle":"Added Extension: Category B-RecurringTasks","messageBody":"","fileTypesAndContributionMap":{"txt":{"insertions":2,"deletions":3},"java":{"insertions":66,"deletions":18}}},{"hash":"e7afe05374effb67a7244901b9311bc08782eeeb","messageTitle":"Added Extension: Category C-DetectDuplicates","messageBody":"","fileTypesAndContributionMap":{"java":{"insertions":44,"deletions":6}}}]},{"date":"2021-02-14","commitResults":[{"hash":"e4892e8001ba8cd98e0f7215c947da0a899c9140","messageTitle":"Added Extension: Category D-Notes","messageBody":"","fileTypesAndContributionMap":{"txt":{"insertions":18,"deletions":2},"java":{"insertions":169,"deletions":29}}},{"hash":"822772f7bfe34dde871837435a649cc18bcbc138","messageTitle":"Modified C-DetectDuplicates getTask method","messageBody":"","fileTypesAndContributionMap":{"java":{"insertions":17,"deletions":4}}}]},{"date":"2021-02-20","commitResults":[{"hash":"ccd14f854300411b392953f96d129ac8843fe4cd","messageTitle":"A-HigherCodingQuality","messageBody":"","fileTypesAndContributionMap":{"txt":{"insertions":9,"deletions":2},"java":{"insertions":120,"deletions":157}}}]},{"date":"2021-02-21","commitResults":[{"hash":"a8fa44a2cd81b3924e08f5c442f87b0fe2539ad9","messageTitle":"Upload Documentation","messageBody":"","fileTypesAndContributionMap":{"txt":{"insertions":9,"deletions":1},"java":{"insertions":9,"deletions":5},"md":{"insertions":110,"deletions":0}}},{"hash":"b3b3870193f1f77c1617ca6dfd714a603c703a12","messageTitle":"Correct CheckStyle Errors","messageBody":"","fileTypesAndContributionMap":{"java":{"insertions":1,"deletions":1}}},{"hash":"d0bdbe163dd771840974e7eee780c3e631873fbb","messageTitle":"Adding DG","messageBody":"","tags":["V2.0"],"fileTypesAndContributionMap":{"md":{"insertions":134,"deletions":0}}}]}]},"authorFileTypeContributionMap":{"Chilaiping":{"java":1185,"md":365,"fxml":35,"sh":5,"bat":89,"gradle":88,"txt":41}},"authorContributionVariance":{"Chilaiping":5431.517},"authorDisplayNameMap":{"Chilaiping":"TIC4002-F18-4 CHI ..PING"}}
