{"authorDailyContributionsMap":{"Impala36":[{"date":"2020-08-20","commitResults":[{"hash":"35d92ca36e84bc46ec46e6b4141f16e93d1d82d6","messageTitle":"Level 0. Greet","messageBody":"","tags":["Level-0"],"fileTypesAndContributionMap":{"java":{"insertions":17,"deletions":0}}},{"hash":"57b57045c950a99909418edee18a53b89c328422","messageTitle":"Level 0. Greet","messageBody":"","fileTypesAndContributionMap":{"java":{"insertions":48,"deletions":5}}}]},{"date":"2020-08-21","commitResults":[{"hash":"13473b3b21e73db719a0c009fc048c21e3d3e066","messageTitle":"Level 2. Add, List","messageBody":"","tags":["Level-2"],"fileTypesAndContributionMap":{"java":{"insertions":25,"deletions":7}}},{"hash":"2c84b2aac8744bb31ad57370a51802067abfe0bc","messageTitle":"Level 3. Mark as Done","messageBody":"","tags":["Level-3"],"fileTypesAndContributionMap":{"java":{"insertions":125,"deletions":17}}}]},{"date":"2020-08-29","commitResults":[{"hash":"bbe87d56d32a21b4bbc55dbac605fcb1a14bec1b","messageTitle":"Level 4. ToDos, Events, Deadlines","messageBody":"","tags":["Level-4"],"fileTypesAndContributionMap":{"java":{"insertions":147,"deletions":14}}},{"hash":"3005764c80c48ddc08c1bbea736d696f2d0fd43f","messageTitle":"Level 5. Handle Errors A-AbstractClasses A-Packages","messageBody":"","tags":["Level-5","A-CodingQuality1","A-CodingQuality"],"fileTypesAndContributionMap":{"java":{"insertions":65,"deletions":38},"bat":{"insertions":2,"deletions":2}}}]},{"date":"2020-09-06","commitResults":[{"hash":"d195fcea8a4bd2841dddad74686e5cd38444bb12","messageTitle":"A-CodingQuality Revamped many methods to look more readable, avoided deep nesting, happy path prominent, refactored methods, and SLAP.","messageBody":"","fileTypesAndContributionMap":{"java":{"insertions":207,"deletions":156},"bat":{"insertions":1,"deletions":1}}},{"hash":"6f18ff4167a4cfde4ebf08eecb2be93541f39ca0","messageTitle":"Level 6. Delete","messageBody":"","fileTypesAndContributionMap":{"java":{"insertions":63,"deletions":22}}}]},{"date":"2020-09-19","commitResults":[{"hash":"b243199a556d51d3da3d1e5de45ee14913d1a538","messageTitle":"Level 7. Save","messageBody":"","fileTypesAndContributionMap":{"java":{"insertions":57,"deletions":40}}},{"hash":"52615875f29a2365690cca64d42e60f2b33e0490","messageTitle":"A-JavaDoc Added JavaDoc comments and removed redundant Ui method redBorderlines().","messageBody":"","fileTypesAndContributionMap":{"java":{"insertions":307,"deletions":192},"bat":{"insertions":1,"deletions":1}}},{"hash":"5a759b6e89b96a6e0a6251637efd6a59186faaab","messageTitle":"Edited JavaDoc comments.","messageBody":"","tags":["A-Jar"],"fileTypesAndContributionMap":{"java":{"insertions":82,"deletions":0}}}]},{"date":"2020-09-23","commitResults":[{"hash":"c675d46cbf356218e99cf79351c23fd19217a49a","messageTitle":"A-MoreOOP Extracted all commands into classes.","messageBody":"","fileTypesAndContributionMap":{"java":{"insertions":364,"deletions":209}}}]},{"date":"2020-09-25","commitResults":[{"hash":"d8c3ddf907865f3b72d447f88f43841e084fd7b5","messageTitle":"Level 8. Date and Time Added date and time to deadline and events, renamed taskDescription to line to avoid confusion with description (actual description of task).","messageBody":"","fileTypesAndContributionMap":{"java":{"insertions":78,"deletions":39}}}]},{"date":"2020-09-26","commitResults":[{"hash":"98f009d24574f275af8a1eecd1bf20f5b509f5cf","messageTitle":"Level 9. Find","messageBody":"","fileTypesAndContributionMap":{"java":{"insertions":65,"deletions":22}}},{"hash":"6d0c2277f1ac6c8f8fcc86ae54342431f028ef6b","messageTitle":"Level 9. Find","messageBody":"","fileTypesAndContributionMap":{"java":{"insertions":2,"deletions":2}}}]},{"date":"2020-09-27","commitResults":[{"hash":"b261a16eeb3b6f6db5e59e13cb679fa21d13d85f","messageTitle":"A-JUnit Added JUnit tests, imported Gradle.","messageBody":"","fileTypesAndContributionMap":{"gradle":{"insertions":34,"deletions":0},"java":{"insertions":76,"deletions":6},"bat":{"insertions":104,"deletions":0}}}]},{"date":"2020-09-28","commitResults":[{"hash":"efd868d06dbb71200a9da09d258cddfa91b78feb","messageTitle":"A-UserGuide","messageBody":"","fileTypesAndContributionMap":{"md":{"insertions":116,"deletions":17}}},{"hash":"9d58f2b1cd175d3a5bc01241c3653cf623a1a222","messageTitle":"A-UserGuide Some formats were not working.","messageBody":"","fileTypesAndContributionMap":{"md":{"insertions":19,"deletions":11}}},{"hash":"8c1d7966d39173fd7a8b5f1324f8e338de4b981b","messageTitle":"Update README.md","messageBody":"","tags":["A-Release"],"fileTypesAndContributionMap":{"md":{"insertions":11,"deletions":11}}}]},{"date":"2020-10-04","commitResults":[{"hash":"ce44b642966ff27f581d43fa5ec77eb89478d7c1","messageTitle":"Update README.md","messageBody":"","fileTypesAndContributionMap":{"md":{"insertions":1,"deletions":1}}}]}]},"authorFileTypeContributionMap":{"Impala36":{"java":856,"md":117,"fxml":0,"sh":0,"bat":106,"gradle":34,"txt":0}},"authorContributionVariance":{"Impala36":20207.896},"authorDisplayNameMap":{"Impala36":"TIC4002-F18-1 WANG..QUAN"}}
