{"authorDailyContributionsMap":{"Chenduo1412":[{"date":"0032-09-10","commitResults":[{"hash":"be94445bafe596598e966b0c0de621aa4fe1dbaa","messageTitle":"branch-level-6","messageBody":"","tags":["A-Collections"],"fileTypesAndContributionMap":{"java":{"insertions":24,"deletions":1}}}]},{"date":"2020-08-21","commitResults":[{"hash":"9f4c91ceb8a69a797476ec527fd5009d1af8c283","messageTitle":"Level-0","messageBody":"","tags":["Level-1"],"fileTypesAndContributionMap":{"java":{"insertions":9,"deletions":0}}},{"hash":"8243de5f52d7068b888eaf4a4bea3e84cb609d01","messageTitle":"Level-1","messageBody":"","tags":["Level-2"],"fileTypesAndContributionMap":{"java":{"insertions":20,"deletions":1}}}]},{"date":"2020-08-22","commitResults":[{"hash":"888d94bd296dc51cd4aa9ecc8f14cd2be66a2d2e","messageTitle":"Level-2 Add list","messageBody":"","tags":["Level-3"],"fileTypesAndContributionMap":{"java":{"insertions":67,"deletions":17}}}]},{"date":"2020-08-23","commitResults":[{"hash":"bc0504f91b214f47f2fce65cba045fec57b38ae8","messageTitle":"Level-3 Mark done","messageBody":"","tags":["level-4"],"fileTypesAndContributionMap":{"java":{"insertions":58,"deletions":33}}}]},{"date":"2020-08-27","commitResults":[{"hash":"1b952ad85be6ca37154d66df1c64bfac5d2cb346","messageTitle":"level-4","messageBody":"","tags":["A-CodingStandard"],"fileTypesAndContributionMap":{"java":{"insertions":77,"deletions":16}}}]},{"date":"2020-09-03","commitResults":[{"hash":"0f122609828bb4e874d7f1a7450396886d4f7c06","messageTitle":"A-CodingStandard","messageBody":"","tags":["level-5"],"fileTypesAndContributionMap":{"java":{"insertions":6,"deletions":6}}},{"hash":"e415cc7a417e96c29b345acc12537907e50b860d","messageTitle":"level-5","messageBody":"","tags":["A-CodeQuality"],"fileTypesAndContributionMap":{"java":{"insertions":55,"deletions":29}}}]},{"date":"2020-09-04","commitResults":[{"hash":"cfe414adba3cabb54dae9468589b156b6286e16b","messageTitle":"A-CodeQuality","messageBody":"","tags":["A-Packages"],"fileTypesAndContributionMap":{"java":{"insertions":1,"deletions":1}}},{"hash":"99d1a1d94125572012948efa28bf34ba3747e71e","messageTitle":"A-Packages","messageBody":"","fileTypesAndContributionMap":{"java":{"insertions":19,"deletions":5},"bat":{"insertions":2,"deletions":2},"md":{"insertions":2,"deletions":2}}},{"hash":"444c396df16734b4b777ffa09dec5d9df8b26951","messageTitle":"A-Packages","messageBody":"","fileTypesAndContributionMap":{"java":{"insertions":2,"deletions":2}}},{"hash":"8b88d51974aaa9527d10c62a2b7331405c72367e","messageTitle":"A-Packages","messageBody":"","tags":["A-AbstractClasses"],"fileTypesAndContributionMap":{"java":{"insertions":1,"deletions":1}}},{"hash":"632e9ca1b2cb12e5f8c0ecf8554fab908a079cb2","messageTitle":"A-AbstractClasses","messageBody":"","tags":["Level-7"],"fileTypesAndContributionMap":{"java":{"insertions":15,"deletions":15}}}]},{"date":"2020-09-11","commitResults":[{"hash":"76a6ea62c81493f7a2007354d07071114c0b5720","messageTitle":"level-7","messageBody":"","tags":["A-JavaDoc"],"fileTypesAndContributionMap":{"java":{"insertions":149,"deletions":32}}},{"hash":"3787c27c5718aaa2e8e558e88bf1d4de536ad2e5","messageTitle":"A-JavaDoc","messageBody":"","fileTypesAndContributionMap":{"txt":{"insertions":6,"deletions":0}}}]},{"date":"2020-09-14","commitResults":[{"hash":"7fe7433999fc30ee9bcb229fcf00eb30b6bd61be","messageTitle":"A-MoreOOP","messageBody":"","fileTypesAndContributionMap":{"txt":{"insertions":1,"deletions":0},"java":{"insertions":159,"deletions":126}}}]},{"date":"2020-09-16","commitResults":[{"hash":"ccfc0d60739b502af6750ed3f3e85883ff03e613","messageTitle":"Level-8","messageBody":"","tags":["Level-9","Level-6"],"fileTypesAndContributionMap":{"txt":{"insertions":3,"deletions":7},"java":{"insertions":96,"deletions":38}}},{"hash":"57582451c37844b1fa5b6a43f56c6ba759f27189","messageTitle":"Level-9","messageBody":"","tags":["A-Jar","A-JUnit"],"fileTypesAndContributionMap":{"java":{"insertions":27,"deletions":7}}},{"hash":"777fe5cd64dcf2460ca48487113feb0b88a4f488","messageTitle":"A-JUnit","messageBody":"","tags":["A-UserGuide"],"fileTypesAndContributionMap":{"java":{"insertions":18,"deletions":2}}}]},{"date":"2020-09-27","commitResults":[{"hash":"815ae781fb8feb60ef38767cb721a6209f88d148","messageTitle":"A-UserGuide","messageBody":"","tags":["A-Release"],"fileTypesAndContributionMap":{"txt":{"insertions":1,"deletions":0},"md":{"insertions":107,"deletions":5}}}]},{"date":"2021-01-24","commitResults":[{"hash":"48885c4a6f67dda8ebf6d5eace117efede14d25a","messageTitle":"A-Gradle","messageBody":"","tags":["level-10","A-Gradle","A-CheckStyle"],"fileTypesAndContributionMap":{"gradle":{"insertions":72,"deletions":0},"txt":{"insertions":1,"deletions":0},"java":{"insertions":50,"deletions":0},"bat":{"insertions":84,"deletions":0},"sh":{"insertions":74,"deletions":0}}}]},{"date":"2021-01-28","commitResults":[{"hash":"a57538151552d02b5ddf4122c606cb728523bc0e","messageTitle":"GUI","messageBody":"","fileTypesAndContributionMap":{"gradle":{"insertions":1,"deletions":0},"java":{"insertions":141,"deletions":15}}}]},{"date":"2021-02-25","commitResults":[{"hash":"b157414fcb3d6b9b46fe085384a31464a1f7de10","messageTitle":"GUI","messageBody":"","tags":["BCD-Extension","A-CI"],"fileTypesAndContributionMap":{"txt":{"insertions":1,"deletions":1},"java":{"insertions":71,"deletions":38}}}]},{"date":"2021-02-27","commitResults":[{"hash":"882c311566f414c55427e19dcccd79cdd0169dde","messageTitle":"Add UG \u0026 DG","messageBody":"","fileTypesAndContributionMap":{"txt":{"insertions":1,"deletions":1},"java":{"insertions":166,"deletions":152},"md":{"insertions":285,"deletions":0}}}]},{"date":"2021-03-03","commitResults":[{"hash":"901fd057b2c3d699c594a51bd712e05b8562cc94","messageTitle":"Update UserGuide.md","messageBody":"","fileTypesAndContributionMap":{"md":{"insertions":1,"deletions":8}}}]}]},"authorFileTypeContributionMap":{"Chenduo1412":{"java":690,"md":387,"fxml":35,"sh":74,"bat":86,"gradle":73,"txt":5}},"authorContributionVariance":{"Chenduo1412":145.42955},"authorDisplayNameMap":{"Chenduo1412":"TIC4002-F18-2 CHEN.. DUO"}}
