{"authorDailyContributionsMap":{"tototto":[{"date":"2020-08-15","commitResults":[{"hash":"269e3ffe4ae035b374341db4a231ec52463db94b","messageTitle":"Level 1 to 3","messageBody":"","tags":["Level-4"],"fileTypesAndContributionMap":{"java":{"insertions":258,"deletions":6}}}]},{"date":"2020-08-22","commitResults":[{"hash":"0f099801419b7fddb94c5814358e59f16f85029d","messageTitle":"Finished Level 4","messageBody":"","tags":["Level-3","Level-2","Level-1","Level-0"],"fileTypesAndContributionMap":{"java":{"insertions":199,"deletions":47},"sh":{"insertions":34,"deletions":0}}}]},{"date":"2020-08-28","commitResults":[{"hash":"d20f84a590cc884b48620b5db49cf9838beaddf0","messageTitle":"A-TextUiTesting","messageBody":"","tags":["A-TextUiTesting"],"fileTypesAndContributionMap":{"txt":{"insertions":3,"deletions":0},"java":{"insertions":4,"deletions":2},"sh":{"insertions":1,"deletions":1}}},{"hash":"eeb75babfd1c3b6a042381c1fc1ce7733c55b00a","messageTitle":"A-CodingStandard","messageBody":"","tags":["A-CodingStandard"],"fileTypesAndContributionMap":{"java":{"insertions":13,"deletions":17}}}]},{"date":"2020-08-29","commitResults":[{"hash":"5d75ff9621104f44a08a3b3ed065ef8063df4c2c","messageTitle":"branch-Level-5","messageBody":"","tags":["branch-Level-5"],"fileTypesAndContributionMap":{"java":{"insertions":113,"deletions":30}}},{"hash":"c5d61c0ed62b68f07386a232b02155b11b0e6277","messageTitle":"Made Task abstract","messageBody":"","tags":["branch-A-AbstractClasses","A-AbstractClasses"],"fileTypesAndContributionMap":{"java":{"insertions":1,"deletions":1}}}]},{"date":"2020-08-30","commitResults":[{"hash":"61b84e74d95f2569e01c8f4f967c2793be361c74","messageTitle":"Completed A-CodeQuality","messageBody":"","tags":["branch-A-CodeQuality"],"fileTypesAndContributionMap":{"java":{"insertions":60,"deletions":60}}},{"hash":"dc20b215624e3e0786c5bd4bc265f76620821c77","messageTitle":"created Packages for Duke and re-solved Shell Script issues for Testing","messageBody":"","tags":["branch-A-Packages"],"fileTypesAndContributionMap":{"java":{"insertions":54,"deletions":12},"sh":{"insertions":2,"deletions":40},"md":{"insertions":2,"deletions":2}}}]},{"date":"2020-09-04","commitResults":[{"hash":"1be5731c36ea025e0ebea307b6029e4b98c9c1b9","messageTitle":"completed branch-Level-6","messageBody":"","tags":["branch-Level-6"],"fileTypesAndContributionMap":{"java":{"insertions":39,"deletions":5}}}]},{"date":"2020-09-06","commitResults":[{"hash":"7a2fa8a4d02440b048e19c6f54c505c7f84fd07f","messageTitle":"branch-Level-7 added File IO operation","messageBody":"","fileTypesAndContributionMap":{"txt":{"insertions":6,"deletions":0},"java":{"insertions":197,"deletions":4}}},{"hash":"2ee965dc670c3d79e0dd7ae76c576e1733d6fd20","messageTitle":"added demonstration of using displayHandler to print messages for Read Data Scenario","messageBody":"","tags":["branch-Level-7"],"fileTypesAndContributionMap":{"txt":{"insertions":1,"deletions":6},"java":{"insertions":9,"deletions":4}}},{"hash":"a28ce653db2ba95253268c37e0445b8ab1d3f023","messageTitle":"branch-A-JavaDoc added some java docs","messageBody":"","tags":["branch-A-JavaDoc"],"fileTypesAndContributionMap":{"java":{"insertions":52,"deletions":4}}}]},{"date":"2020-09-12","commitResults":[{"hash":"00f14ef5912c891da731890d48df56b3de9ad345","messageTitle":"completed A-MoreOOP, refactored code out to individual classes/components","messageBody":"","tags":["A-MoreOOP"],"fileTypesAndContributionMap":{"java":{"insertions":36,"deletions":6}}},{"hash":"14710171b5c3732483df99325626bfb21c95de7a","messageTitle":"completed branch-Level-9","messageBody":"","tags":["branch-Level-9"],"fileTypesAndContributionMap":{"txt":{"insertions":3,"deletions":1},"java":{"insertions":34,"deletions":1}}},{"hash":"4578c64b986964e240cbe621f62a2d8d531b224e","messageTitle":"add Junit testcases","messageBody":"","tags":["branch-A-JUnit"],"fileTypesAndContributionMap":{"txt":{"insertions":3,"deletions":1},"java":{"insertions":90,"deletions":6}}},{"hash":"a1a2066777775acdb6bf54b832acdb01224b821e","messageTitle":"commiting","messageBody":"","fileTypesAndContributionMap":{"txt":{"insertions":1,"deletions":1}}}]},{"date":"2020-09-18","commitResults":[{"hash":"ef20fc2ed78bef3087f2c55594462e7019d0805b","messageTitle":"Created User Guide","messageBody":"","fileTypesAndContributionMap":{"md":{"insertions":71,"deletions":8}}},{"hash":"999160303143e56254f25ce7fa4d84696b5eb1aa","messageTitle":"Changed format","messageBody":"","fileTypesAndContributionMap":{"md":{"insertions":10,"deletions":10}}},{"hash":"bd7293b4ab007a87784499a7b1f01795e300f159","messageTitle":"Update README.md","messageBody":"","fileTypesAndContributionMap":{"md":{"insertions":16,"deletions":16}}}]},{"date":"2020-09-19","commitResults":[{"hash":"0bea9410be91dfb01ee34c2c88d632275226f07c","messageTitle":"Update README.md","messageBody":"","fileTypesAndContributionMap":{"md":{"insertions":8,"deletions":0}}}]},{"date":"2020-09-28","commitResults":[{"hash":"f134e0328e267870f05d5f48fbbae0c01d1c09a3","messageTitle":"Update README.md","messageBody":"","fileTypesAndContributionMap":{"md":{"insertions":7,"deletions":0}}}]}]},"authorFileTypeContributionMap":{"tototto":{"java":960,"md":86,"fxml":0,"sh":2,"bat":0,"gradle":0,"txt":6}},"authorContributionVariance":{"tototto":6532.6685},"authorDisplayNameMap":{"tototto":"TIC4002-F18-3 TAY .. WEN"}}
