{"authorDailyContributionsMap":{"tototto":[{"date":"2020-08-15","commitResults":[{"hash":"269e3ffe4ae035b374341db4a231ec52463db94b","messageTitle":"Level 1 to 3","messageBody":"","tags":["Level-4"],"fileTypesAndContributionMap":{"java":{"insertions":258,"deletions":6}}}]},{"date":"2020-08-22","commitResults":[{"hash":"0f099801419b7fddb94c5814358e59f16f85029d","messageTitle":"Finished Level 4","messageBody":"","tags":["Level-3","Level-2","Level-1","Level-0"],"fileTypesAndContributionMap":{"java":{"insertions":199,"deletions":47},"sh":{"insertions":34,"deletions":0}}}]},{"date":"2020-08-28","commitResults":[{"hash":"d20f84a590cc884b48620b5db49cf9838beaddf0","messageTitle":"A-TextUiTesting","messageBody":"","tags":["A-TextUiTesting"],"fileTypesAndContributionMap":{"txt":{"insertions":3,"deletions":0},"java":{"insertions":4,"deletions":2},"sh":{"insertions":1,"deletions":1}}},{"hash":"eeb75babfd1c3b6a042381c1fc1ce7733c55b00a","messageTitle":"A-CodingStandard","messageBody":"","tags":["A-CodingStandard"],"fileTypesAndContributionMap":{"java":{"insertions":13,"deletions":17}}}]},{"date":"2020-08-29","commitResults":[{"hash":"5d75ff9621104f44a08a3b3ed065ef8063df4c2c","messageTitle":"branch-Level-5","messageBody":"","tags":["branch-Level-5"],"fileTypesAndContributionMap":{"java":{"insertions":113,"deletions":30}}},{"hash":"c5d61c0ed62b68f07386a232b02155b11b0e6277","messageTitle":"Made Task abstract","messageBody":"","tags":["branch-A-AbstractClasses","A-AbstractClasses"],"fileTypesAndContributionMap":{"java":{"insertions":1,"deletions":1}}}]},{"date":"2020-08-30","commitResults":[{"hash":"61b84e74d95f2569e01c8f4f967c2793be361c74","messageTitle":"Completed A-CodeQuality","messageBody":"","tags":["branch-A-CodeQuality"],"fileTypesAndContributionMap":{"java":{"insertions":60,"deletions":60}}},{"hash":"dc20b215624e3e0786c5bd4bc265f76620821c77","messageTitle":"created Packages for Duke and re-solved Shell Script issues for Testing","messageBody":"","tags":["branch-A-Packages"],"fileTypesAndContributionMap":{"java":{"insertions":54,"deletions":12},"sh":{"insertions":2,"deletions":40},"md":{"insertions":2,"deletions":2}}}]},{"date":"2020-09-04","commitResults":[{"hash":"1be5731c36ea025e0ebea307b6029e4b98c9c1b9","messageTitle":"completed branch-Level-6","messageBody":"","tags":["branch-Level-6"],"fileTypesAndContributionMap":{"java":{"insertions":39,"deletions":5}}}]},{"date":"2020-09-06","commitResults":[{"hash":"7a2fa8a4d02440b048e19c6f54c505c7f84fd07f","messageTitle":"branch-Level-7 added File IO operation","messageBody":"","fileTypesAndContributionMap":{"txt":{"insertions":6,"deletions":0},"java":{"insertions":197,"deletions":4}}},{"hash":"2ee965dc670c3d79e0dd7ae76c576e1733d6fd20","messageTitle":"added demonstration of using displayHandler to print messages for Read Data Scenario","messageBody":"","tags":["branch-Level-7"],"fileTypesAndContributionMap":{"txt":{"insertions":1,"deletions":6},"java":{"insertions":9,"deletions":4}}},{"hash":"a28ce653db2ba95253268c37e0445b8ab1d3f023","messageTitle":"branch-A-JavaDoc added some java docs","messageBody":"","tags":["branch-A-JavaDoc"],"fileTypesAndContributionMap":{"java":{"insertions":52,"deletions":4}}}]},{"date":"2020-09-12","commitResults":[{"hash":"00f14ef5912c891da731890d48df56b3de9ad345","messageTitle":"completed A-MoreOOP, refactored code out to individual classes/components","messageBody":"","tags":["A-MoreOOP"],"fileTypesAndContributionMap":{"java":{"insertions":36,"deletions":6}}},{"hash":"14710171b5c3732483df99325626bfb21c95de7a","messageTitle":"completed branch-Level-9","messageBody":"","tags":["branch-Level-9"],"fileTypesAndContributionMap":{"txt":{"insertions":3,"deletions":1},"java":{"insertions":34,"deletions":1}}},{"hash":"4578c64b986964e240cbe621f62a2d8d531b224e","messageTitle":"add Junit testcases","messageBody":"","tags":["branch-A-JUnit"],"fileTypesAndContributionMap":{"txt":{"insertions":3,"deletions":1},"java":{"insertions":90,"deletions":6}}},{"hash":"a1a2066777775acdb6bf54b832acdb01224b821e","messageTitle":"commiting","messageBody":"","fileTypesAndContributionMap":{"txt":{"insertions":1,"deletions":1}}}]},{"date":"2020-09-18","commitResults":[{"hash":"ef20fc2ed78bef3087f2c55594462e7019d0805b","messageTitle":"Created User Guide","messageBody":"","fileTypesAndContributionMap":{"md":{"insertions":71,"deletions":8}}},{"hash":"999160303143e56254f25ce7fa4d84696b5eb1aa","messageTitle":"Changed format","messageBody":"","fileTypesAndContributionMap":{"md":{"insertions":10,"deletions":10}}},{"hash":"bd7293b4ab007a87784499a7b1f01795e300f159","messageTitle":"Update README.md","messageBody":"","fileTypesAndContributionMap":{"md":{"insertions":16,"deletions":16}}}]},{"date":"2020-09-19","commitResults":[{"hash":"0bea9410be91dfb01ee34c2c88d632275226f07c","messageTitle":"Update README.md","messageBody":"","fileTypesAndContributionMap":{"md":{"insertions":8,"deletions":0}}}]},{"date":"2020-09-28","commitResults":[{"hash":"f134e0328e267870f05d5f48fbbae0c01d1c09a3","messageTitle":"Update README.md","messageBody":"","fileTypesAndContributionMap":{"md":{"insertions":7,"deletions":0}}}]},{"date":"2021-01-24","commitResults":[{"hash":"9c940b8bb7a53790957d76044b4a850f9dbd79a1","messageTitle":"introduced JavaFX","messageBody":"","fileTypesAndContributionMap":{"gradle":{"insertions":16,"deletions":0},"txt":{"insertions":2,"deletions":2},"java":{"insertions":30,"deletions":1}}}]},{"date":"2021-01-26","commitResults":[{"hash":"859a1bcea9e8fbdeb0c982fce11ed5d0a44c3cea","messageTitle":"Implement working JavaFX UI","messageBody":"","fileTypesAndContributionMap":{"gradle":{"insertions":1,"deletions":1},"java":{"insertions":169,"deletions":10}}}]},{"date":"2021-01-27","commitResults":[{"hash":"1ec8b9a1831b2fa66b9151db64e70fb2329c1d9d","messageTitle":"competed working JavaFX for Duke","messageBody":"","fileTypesAndContributionMap":{"txt":{"insertions":4,"deletions":1},"java":{"insertions":132,"deletions":120}}},{"hash":"8d1655dfce36e5960e9a5376f82265192efbe9f2","messageTitle":"Finish building FXML","messageBody":"","fileTypesAndContributionMap":{"txt":{"insertions":1,"deletions":0},"java":{"insertions":177,"deletions":175}}}]},{"date":"2021-01-28","commitResults":[{"hash":"0ec3d22aeea006341ef6ae1de697d9d55f1a2bcd","messageTitle":"refactor into packages of FXML implementation","messageBody":"","fileTypesAndContributionMap":{"java":{"insertions":9,"deletions":6}}}]},{"date":"2021-01-29","commitResults":[{"hash":"c3494518f61cf0b5d19d9fd56ef4cc2ca141df53","messageTitle":"attempted to improve coding standard","messageBody":"","fileTypesAndContributionMap":{"txt":{"insertions":8,"deletions":0},"java":{"insertions":99,"deletions":75}}},{"hash":"fe0fd541b625e53c3dc5f09a8b559e688d2ff3fd","messageTitle":"added A Stricter Coding Standard","messageBody":"","tags":["A-StricterCodingStandard","A-CheckStyle"],"fileTypesAndContributionMap":{"txt":{"insertions":2,"deletions":0},"java":{"insertions":250,"deletions":196}}}]},{"date":"2021-01-31","commitResults":[{"hash":"76b918f8eac45c8a30663b3b1539a3ff5fdff828","messageTitle":"added an extension from category C (C-Help)","messageBody":"","tags":["BCD-Extension"],"fileTypesAndContributionMap":{"txt":{"insertions":2,"deletions":1},"java":{"insertions":21,"deletions":1}}},{"hash":"b5377546d35d96c7a7f538f2d8034356e426db18","messageTitle":"updated checkstyle.xml to remove suppresion filter dependency","messageBody":"","fileTypesAndContributionMap":{"txt":{"insertions":3,"deletions":1},"java":{"insertions":20,"deletions":19}}},{"hash":"b72459a23c904c44eed52712130b037dcb3b127b","messageTitle":"fixed checkstyle in FileManager","messageBody":"","fileTypesAndContributionMap":{"java":{"insertions":19,"deletions":14}}},{"hash":"897efa74152d4dd6202cad71456c5906c41ccfb3","messageTitle":"fixed remaning checkstyle error found in CI","messageBody":"","fileTypesAndContributionMap":{"java":{"insertions":40,"deletions":15}}},{"hash":"1d012299259099c01f3446f3ad371ac09fd8898e","messageTitle":"pushing code with junit issue to repo so others can take a look","messageBody":"","fileTypesAndContributionMap":{"gradle":{"insertions":3,"deletions":3},"txt":{"insertions":3,"deletions":2},"java":{"insertions":13,"deletions":15}}},{"hash":"6cb4a7a13501c03648ff7e2e8e3e82bf24074228","messageTitle":"fixed issue where project cannot build Junit using Gradle","messageBody":"","fileTypesAndContributionMap":{"java":{"insertions":3,"deletions":3}}},{"hash":"c3ebc0cabb74634c94a82acf7c73cd37a37d5bf6","messageTitle":"fixed checkstyle for Junit","messageBody":"","tags":["A-HigherCodingQuality","A-CI"],"fileTypesAndContributionMap":{"java":{"insertions":11,"deletions":8}}}]},{"date":"2021-02-05","commitResults":[{"hash":"0146c6bb6baaa4094163c3c5ea253f43cbb176e0","messageTitle":"Update README.md","messageBody":"","fileTypesAndContributionMap":{"md":{"insertions":2,"deletions":0}}},{"hash":"456113a25ec069b88a046ee4adde3fdad1846b3b","messageTitle":"Update README.md","messageBody":"","fileTypesAndContributionMap":{"md":{"insertions":1,"deletions":1}}},{"hash":"db1c81f794c504ff2b3f88dca0977725371b6471","messageTitle":"Update README.md","messageBody":"","fileTypesAndContributionMap":{"md":{"insertions":1,"deletions":1}}},{"hash":"3c390c02266264a53e50126d4d1e188d8b28de0d","messageTitle":"Update README.md","messageBody":"","tags":["v1.0"],"fileTypesAndContributionMap":{"md":{"insertions":1,"deletions":1}}}]},{"date":"2021-02-12","commitResults":[{"hash":"25c4f7f12904eb1f5f5671269cb209d5740d9781","messageTitle":"Create UserGuide.md","messageBody":"","fileTypesAndContributionMap":{"md":{"insertions":1,"deletions":0}}},{"hash":"d64cd84d5ad3cd0689b39c136c4c994ce86b534e","messageTitle":"Create DeveloperGuide.md","messageBody":"","fileTypesAndContributionMap":{"md":{"insertions":1,"deletions":0}}},{"hash":"c53b4b140c36d5e680abadd8c51a354c091c6aa7","messageTitle":"Update UserGuide.md","messageBody":"","fileTypesAndContributionMap":{"md":{"insertions":98,"deletions":0}}},{"hash":"f10661132297029354d857babcd21bbb70c45fd5","messageTitle":"Update README.md","messageBody":"","fileTypesAndContributionMap":{"md":{"insertions":0,"deletions":97}}},{"hash":"6ddfe40045c246e455348776b5cc10b1765d489b","messageTitle":"Update README.md","messageBody":"","fileTypesAndContributionMap":{"md":{"insertions":8,"deletions":0}}},{"hash":"52be408e40b77c7c4311270d85bfe4a2123d200d","messageTitle":"Update UserGuide.md","messageBody":"","fileTypesAndContributionMap":{"md":{"insertions":7,"deletions":0}}}]},{"date":"2021-02-13","commitResults":[{"hash":"ae407e16f884fcccad17b047a3b64728e7605336","messageTitle":"Update DeveloperGuide.md","messageBody":"","fileTypesAndContributionMap":{"md":{"insertions":7,"deletions":0}}},{"hash":"6f52eeef32751f2e5db365ecf488de305e6ec471","messageTitle":"Update DeveloperGuide.md","messageBody":"","fileTypesAndContributionMap":{"md":{"insertions":1,"deletions":1}}},{"hash":"624fc46ee276a52ee6fed21434b5561251c62f39","messageTitle":"Update DeveloperGuide.md","messageBody":"","fileTypesAndContributionMap":{"md":{"insertions":4,"deletions":1}}},{"hash":"776906ad0514de17bd579d542baa1fc5c01fb1f1","messageTitle":"Update DeveloperGuide.md","messageBody":"","fileTypesAndContributionMap":{"md":{"insertions":1,"deletions":1}}},{"hash":"916bef1ee4455a9a1754ce749522975fba8ca503","messageTitle":"Update DeveloperGuide.md","messageBody":"","fileTypesAndContributionMap":{"md":{"insertions":12,"deletions":0}}},{"hash":"282404ef026ebcc597f17296cd6ed236947a993a","messageTitle":"Update DeveloperGuide.md","messageBody":"","fileTypesAndContributionMap":{"md":{"insertions":90,"deletions":0}}},{"hash":"d7af8a788315b6808458ef50dd66e47d56b4b7c3","messageTitle":"Update DeveloperGuide.md","messageBody":"","fileTypesAndContributionMap":{"md":{"insertions":11,"deletions":0}}},{"hash":"a948fa5291cbed13ad08daed55ed0a38d62313ab","messageTitle":"Update DeveloperGuide.md","messageBody":"","fileTypesAndContributionMap":{"md":{"insertions":5,"deletions":5}}},{"hash":"77d1975b9e25996b79ea7fdfd159421662a02135","messageTitle":"Update DeveloperGuide.md","messageBody":"","fileTypesAndContributionMap":{"md":{"insertions":21,"deletions":55}}}]},{"date":"2021-02-14","commitResults":[{"hash":"2d623762a0b9dccf0575a3478c481e118c8135ed","messageTitle":"Update DeveloperGuide.md","messageBody":"","fileTypesAndContributionMap":{"md":{"insertions":54,"deletions":6}}}]},{"date":"2021-02-23","commitResults":[{"hash":"474e3c2f80bdd2a696ea1ff78aa1c2201c593611","messageTitle":"Update README.md","messageBody":"","fileTypesAndContributionMap":{"md":{"insertions":1,"deletions":1}}},{"hash":"a8790883106e35821d9304d3853d0794d0b50a40","messageTitle":"Update README.md","messageBody":"","fileTypesAndContributionMap":{"md":{"insertions":1,"deletions":1}}},{"hash":"283a7049afe5db7716ca6ed924d93cdbebba2724","messageTitle":"Update README.md","messageBody":"","fileTypesAndContributionMap":{"md":{"insertions":1,"deletions":1}}},{"hash":"9e5ecacc6e77da17f0318de0cd7a7429c0b8625a","messageTitle":"Update README.md","messageBody":"","fileTypesAndContributionMap":{"md":{"insertions":1,"deletions":1}}},{"hash":"435a4b8a333b9aeddb8d89da850916ba089fc9ae","messageTitle":"Update README.md","messageBody":"","fileTypesAndContributionMap":{"md":{"insertions":1,"deletions":1}}}]}]},"authorFileTypeContributionMap":{"tototto":{"java":1297,"md":254,"fxml":35,"sh":2,"bat":0,"gradle":19,"txt":24}},"authorContributionVariance":{"tototto":6338.762},"authorDisplayNameMap":{"tototto":"TIC4002-F18-3 TAY .. WEN"}}
