{"authorDailyContributionsMap":{"linqing42":[{"date":"2020-08-18","commitResults":[{"hash":"181bb4548204241005093990d71beea537b9b77d","messageTitle":"Level 0: Greet","messageBody":"","tags":["Level-0"],"fileTypesAndContributionMap":{"java":{"insertions":9,"deletions":0}}}]},{"date":"2020-08-20","commitResults":[{"hash":"ac1c162d2974e622d545e4b9e0584308b196d29c","messageTitle":"Level-1: Greet, Echo, Exit","messageBody":"","tags":["Level-1"],"fileTypesAndContributionMap":{"java":{"insertions":15,"deletions":1}}}]},{"date":"2020-08-21","commitResults":[{"hash":"ecacac849ac657bce22dbcc3dd4a1f6867cb4fa8","messageTitle":"Level 2. Add, List(Add the ability to store whatever text entered by the user and display them back to the user when requested.)","messageBody":"","fileTypesAndContributionMap":{"java":{"insertions":18,"deletions":6}}},{"hash":"e1cfbf991e7a90a03b708ecc26e534a4f3c615df","messageTitle":"case for list is empty","messageBody":"","tags":["Level-2"],"fileTypesAndContributionMap":{"java":{"insertions":4,"deletions":1}}}]},{"date":"2020-08-23","commitResults":[{"hash":"f5608da7b457487ee05ab18a257d79532071f671","messageTitle":"mark as done","messageBody":"","tags":["Level-3"],"fileTypesAndContributionMap":{"java":{"insertions":54,"deletions":11}}}]},{"date":"2020-08-26","commitResults":[{"hash":"10381c73a5a18107c83df69e443c6e229a7039cd","messageTitle":"add todo,event and deadline","messageBody":"","tags":["Level-4","Leve-4"],"fileTypesAndContributionMap":{"java":{"insertions":87,"deletions":14}}}]},{"date":"2020-08-28","commitResults":[{"hash":"f1b0775c8b0843030c90c00fed37a6d32fa81d3a","messageTitle":"uing .bat","messageBody":"","tags":["A-TextUiTesting"],"fileTypesAndContributionMap":{"txt":{"insertions":6,"deletions":0},"java":{"insertions":10,"deletions":14},"bat":{"insertions":1,"deletions":1},"sh":{"insertions":0,"deletions":38}}},{"hash":"d06c11bfac45c95395ff56e8ebfb5bd41900d4c2","messageTitle":"coding standard","messageBody":"","tags":["A-CodingStandard"],"fileTypesAndContributionMap":{"java":{"insertions":28,"deletions":35}}}]},{"date":"2020-08-30","commitResults":[{"hash":"684ae3a7797c16b5fc2ade1ac13081e9d554cd78","messageTitle":"handle for todo case","messageBody":"","fileTypesAndContributionMap":{"java":{"insertions":102,"deletions":64}}}]},{"date":"2020-08-31","commitResults":[{"hash":"fe434fa558b9e2f4128795b32387f5d04c4cbdff","messageTitle":"handle some error cases","messageBody":"","tags":["Level-5"],"fileTypesAndContributionMap":{"java":{"insertions":68,"deletions":53}}}]},{"date":"2020-09-04","commitResults":[{"hash":"338e3128815ea7d15e63e695d11554ec90cbf71b","messageTitle":"improve code quality with some handle error edit","messageBody":"","tags":["A-CodeQuality"],"fileTypesAndContributionMap":{"java":{"insertions":133,"deletions":105},"md":{"insertions":2,"deletions":2}}},{"hash":"6045c175ea824f94da2730a58507687097f0d6da","messageTitle":"add empty list and done for handle error","messageBody":"","fileTypesAndContributionMap":{"java":{"insertions":66,"deletions":74}}},{"hash":"ae94c8eb45f72e1794957ea60ff50df8b8aef359","messageTitle":"change task class to abstract class","messageBody":"","tags":["A-AbstractClasses"],"fileTypesAndContributionMap":{"java":{"insertions":6,"deletions":3}}},{"hash":"259f46aa5f8febbcf594cb6d4f02fa980cc52549","messageTitle":"all classes into one package","messageBody":"","tags":["A-Packages"],"fileTypesAndContributionMap":{"java":{"insertions":1,"deletions":9}}}]},{"date":"2020-09-06","commitResults":[{"hash":"cda6cba260b62b9ad3d89358b854f29013226922","messageTitle":"add delete","messageBody":"","fileTypesAndContributionMap":{"java":{"insertions":20,"deletions":5}}},{"hash":"45cdfba515ec39a29cbd5710ccca624e05f165ca","messageTitle":"Revert \"add delete\"","messageBody":"This reverts commit cda6cba260b62b9ad3d89358b854f29013226922.\n","fileTypesAndContributionMap":{"java":{"insertions":5,"deletions":20}}},{"hash":"f032bcf2dffd76624d393e45b83f7202a38687da","messageTitle":"add delete and some error to handle","messageBody":"","fileTypesAndContributionMap":{"java":{"insertions":20,"deletions":6}}},{"hash":"ae1b097e90ed75a59d516c70d1043897fe9505b9","messageTitle":"add delete","messageBody":"","fileTypesAndContributionMap":{"java":{"insertions":1,"deletions":1}}},{"hash":"060086149b8deb8e3248d882e53d96ce308f9304","messageTitle":"store in hard disk","messageBody":"","fileTypesAndContributionMap":{"java":{"insertions":92,"deletions":3}}},{"hash":"25737863cbc7de0274273dd174ad7348f07af12e","messageTitle":"store in hard disk","messageBody":"","fileTypesAndContributionMap":{"txt":{"insertions":4,"deletions":0}}}]},{"date":"2020-09-07","commitResults":[{"hash":"924a9f2f380f49e153d290773a688ad42e346bf8","messageTitle":"Revert \"store in hard disk\"","messageBody":"This reverts commit 25737863cbc7de0274273dd174ad7348f07af12e.\n","fileTypesAndContributionMap":{"txt":{"insertions":0,"deletions":4}}},{"hash":"0eed44e0a4f57b6f980dd406d7e541bfb11c46db","messageTitle":"add delete with some handle error","messageBody":"","tags":["Level-6"],"fileTypesAndContributionMap":{"java":{"insertions":2,"deletions":78}}}]},{"date":"2020-09-08","commitResults":[{"hash":"345c402e419979c6814a553dc1a2676dac9d6b08","messageTitle":"add store in hard disk","messageBody":"","tags":["Level-7"],"fileTypesAndContributionMap":{"txt":{"insertions":4,"deletions":0},"java":{"insertions":80,"deletions":4}}}]},{"date":"2020-09-14","commitResults":[{"hash":"517674991dfda74f94fed8e3e03f81abe551b7ac","messageTitle":"more OOP","messageBody":"","fileTypesAndContributionMap":{"txt":{"insertions":0,"deletions":4},"java":{"insertions":561,"deletions":182}}},{"hash":"2aa299e70c508bf15a508ef26a1f4b81260060ce","messageTitle":"add javaDoc","messageBody":"","fileTypesAndContributionMap":{"java":{"insertions":201,"deletions":138}}},{"hash":"6f056a62cfed66d19c2c8b6ea378502c1e558082","messageTitle":"java doc","messageBody":"","fileTypesAndContributionMap":{"java":{"insertions":1,"deletions":1}}},{"hash":"77a5449667d50cac82c39f11a1b6faed7e72c3d6","messageTitle":"exceptions","messageBody":"","fileTypesAndContributionMap":{"java":{"insertions":13,"deletions":8}}},{"hash":"c5cf5fb11058eb279daa20d063b89ef4b873c212","messageTitle":"edit","messageBody":"","fileTypesAndContributionMap":{"java":{"insertions":1,"deletions":1}}},{"hash":"b803bc501a1c972e8e4a006480546efdabc4edc2","messageTitle":"add duke.txt","messageBody":"","fileTypesAndContributionMap":{"txt":{"insertions":4,"deletions":0}}},{"hash":"7845cda1af1ea5fb275b3e9720f633250c14bc60","messageTitle":"nothing","messageBody":"","fileTypesAndContributionMap":{"java":{"insertions":1,"deletions":1}}},{"hash":"c33605c5d3918df836ffbd2bce9a300e24bd3b8f","messageTitle":"more OOP","messageBody":"","tags":["A-MoreOOP"],"fileTypesAndContributionMap":{"txt":{"insertions":1,"deletions":4},"java":{"insertions":29,"deletions":15}}},{"hash":"97313c2bbee06718ba2a14bd9a9e7018fcbc05dd","messageTitle":"add time and date for deadline and event","messageBody":"","fileTypesAndContributionMap":{"java":{"insertions":106,"deletions":146}}},{"hash":"ed3aa0f12af3d8631fcbb4708eb7a48a275f304e","messageTitle":"handle error for time and date in deadline and event","messageBody":"","fileTypesAndContributionMap":{"java":{"insertions":66,"deletions":80}}},{"hash":"f9e7d482e4d612219badec3aa3cddb4a5a016b2c","messageTitle":"handle error for time and date in deadline and event","messageBody":"","fileTypesAndContributionMap":{"java":{"insertions":0,"deletions":2}}}]},{"date":"2020-09-18","commitResults":[{"hash":"3b3b457e34456851623b6c24c2e1d4e2065937fc","messageTitle":"update","messageBody":"","fileTypesAndContributionMap":{"txt":{"insertions":1,"deletions":1},"java":{"insertions":2,"deletions":2}}}]},{"date":"2020-09-20","commitResults":[{"hash":"77022d63883fd2a1e309a1201e138cbc2b65b56d","messageTitle":"add find task","messageBody":"","fileTypesAndContributionMap":{"txt":{"insertions":3,"deletions":1},"java":{"insertions":91,"deletions":28}}},{"hash":"db9c39a0efd6ce9c077aa73cba7e80004dc940aa","messageTitle":"update","messageBody":"","tags":["Level-9"],"fileTypesAndContributionMap":{"txt":{"insertions":0,"deletions":2},"java":{"insertions":2,"deletions":3}}},{"hash":"12f46fec7219fb050b610a6ba10e4c8162901c52","messageTitle":"add JUnit test","messageBody":"","fileTypesAndContributionMap":{"txt":{"insertions":1,"deletions":1},"java":{"insertions":4,"deletions":2}}},{"hash":"14985ba0112e367a72376f50bd80ba11720c9087","messageTitle":"add JUnit test","messageBody":"","fileTypesAndContributionMap":{"java":{"insertions":62,"deletions":0}}},{"hash":"4732d8978d62b2969769fe5348dd7cdedde9c859","messageTitle":"latest update","messageBody":"","fileTypesAndContributionMap":{"txt":{"insertions":3,"deletions":0},"java":{"insertions":16,"deletions":13}}},{"hash":"25507db3d0542f4ba8218ead2ad282e8b8953dfc","messageTitle":"latest update","messageBody":"","tags":["A-JUnit"],"fileTypesAndContributionMap":{"java":{"insertions":1,"deletions":1},"bat":{"insertions":3,"deletions":1}}}]},{"date":"2020-09-21","commitResults":[{"hash":"0afe19a858dd744840598a9ec709b098fc094fab","messageTitle":"add readme.md","messageBody":"","fileTypesAndContributionMap":{"txt":{"insertions":3,"deletions":4},"java":{"insertions":23,"deletions":18},"md":{"insertions":230,"deletions":5}}},{"hash":"cb18b937b615d32352d0ea87758bcc51a0f5f9d5","messageTitle":"add readme.md","messageBody":"","fileTypesAndContributionMap":{"md":{"insertions":12,"deletions":0}}},{"hash":"65cc0fcbd348dc174ddf61f6927d433b8894e89b","messageTitle":"Update README.md","messageBody":"","fileTypesAndContributionMap":{"md":{"insertions":21,"deletions":22}}},{"hash":"5f32a0294699b768616b815031ebafa2a5257197","messageTitle":"Update README.md","messageBody":"","fileTypesAndContributionMap":{"md":{"insertions":95,"deletions":121}}},{"hash":"6e03d3ae786ce48c88f825da83ca603e1dd9fc2f","messageTitle":"Update README.md","messageBody":"","fileTypesAndContributionMap":{"md":{"insertions":21,"deletions":21}}},{"hash":"11cd8224a36a98e563515ea2073143fceafc5a82","messageTitle":"Update README.md","messageBody":"","fileTypesAndContributionMap":{"md":{"insertions":3,"deletions":3}}},{"hash":"97adb5170c8bcbc87be6cf06330db2d6321e9c31","messageTitle":"Update README.md","messageBody":"","fileTypesAndContributionMap":{"md":{"insertions":3,"deletions":3}}},{"hash":"4d9fc8e970419092282e152dac7f0dc6ce4842f8","messageTitle":"Update README.md","messageBody":"","fileTypesAndContributionMap":{"md":{"insertions":5,"deletions":5}}},{"hash":"9fddacbbdca8a5ab3eabdb6a1dec1ea9475311c5","messageTitle":"Update README.md","messageBody":"","fileTypesAndContributionMap":{"md":{"insertions":6,"deletions":6}}},{"hash":"2ad403bbdf35bc8d4b2d1b567ab718d52a068f3a","messageTitle":"Update README.md","messageBody":"","fileTypesAndContributionMap":{"md":{"insertions":8,"deletions":8}}},{"hash":"6d2e23be64f8585832cea52a66143b4c1fe61627","messageTitle":"Update README.md","messageBody":"","fileTypesAndContributionMap":{"md":{"insertions":26,"deletions":26}}},{"hash":"2a671147eba13a384686981f6753454ab373da1c","messageTitle":"Update README.md","messageBody":"","fileTypesAndContributionMap":{"md":{"insertions":10,"deletions":10}}},{"hash":"f8e0a033472a07b3e4f6c1624515591276da680f","messageTitle":"Update README.md","messageBody":"","fileTypesAndContributionMap":{"md":{"insertions":1,"deletions":1}}},{"hash":"1fb673b01b01922416a60d3371d2b8b086ce8c76","messageTitle":"add readme.md","messageBody":"","fileTypesAndContributionMap":{"md":{"insertions":1,"deletions":1}}},{"hash":"e4b70eaf1f415f8dfd487b9955f03f19818ace77","messageTitle":"Update README.md","messageBody":"","fileTypesAndContributionMap":{"md":{"insertions":13,"deletions":13}}},{"hash":"b5bf37da60682ba2efe43181530c5fad85f90b60","messageTitle":"Update README.md","messageBody":"","fileTypesAndContributionMap":{"md":{"insertions":5,"deletions":2}}},{"hash":"a1f90f6770fd834577224affdc03258237951a55","messageTitle":"Update README.md","messageBody":"","fileTypesAndContributionMap":{"md":{"insertions":49,"deletions":23}}},{"hash":"90d36db50d11bdb422097f3def83cc9e05757193","messageTitle":"Update README.md","messageBody":"","fileTypesAndContributionMap":{"md":{"insertions":10,"deletions":12}}},{"hash":"f8083a3a457b58da88c3c97ff435badf070ee32f","messageTitle":"Update README.md","messageBody":"","fileTypesAndContributionMap":{"md":{"insertions":19,"deletions":41}}},{"hash":"c333e8db97d22bdc7690c420d786f9f35fa41589","messageTitle":"Update README.md","messageBody":"","fileTypesAndContributionMap":{"md":{"insertions":22,"deletions":20}}},{"hash":"aff075338d9b4633af6baa3adb1fa7c7af6cb9dc","messageTitle":"update","messageBody":"","fileTypesAndContributionMap":{"txt":{"insertions":2,"deletions":2},"java":{"insertions":3,"deletions":2}}},{"hash":"591934961e63bce9e1e880f0a79240354cde2922","messageTitle":"final jar","messageBody":"","tags":["A-Exceptions"],"fileTypesAndContributionMap":{"txt":{"insertions":0,"deletions":3},"java":{"insertions":10,"deletions":21},"md":{"insertions":3,"deletions":3}}},{"hash":"7e66ff58509305f774f964dc1491fd88cd5a1b28","messageTitle":"final jar","messageBody":"","fileTypesAndContributionMap":{"java":{"insertions":1,"deletions":1}}},{"hash":"eefb89e21ff69bff8c018e56762d262b77e3650f","messageTitle":"final jar","messageBody":"","fileTypesAndContributionMap":{"txt":{"insertions":3,"deletions":0}}},{"hash":"900dfe97766e0fad2733bb2245b271d2e343c653","messageTitle":"final jar","messageBody":"","fileTypesAndContributionMap":{"java":{"insertions":2,"deletions":2}}},{"hash":"9fee6bc71f18531d438c92e1c5d4731842310c5a","messageTitle":"Update README.md","messageBody":"","fileTypesAndContributionMap":{"md":{"insertions":1,"deletions":1}}},{"hash":"7959f2bc4ee2e25c6842d555159b01e0cfa5a191","messageTitle":"Update Parser.java","messageBody":"","fileTypesAndContributionMap":{"java":{"insertions":1,"deletions":1}}}]},{"date":"2020-09-22","commitResults":[{"hash":"121153712562d77bb6349e1fba641c11dd29a9ce","messageTitle":"Update README.md","messageBody":"","fileTypesAndContributionMap":{"md":{"insertions":2,"deletions":2}}},{"hash":"192ff602a22cbc25e07a8915b3a3b3c99ab4b0be","messageTitle":"update README.md","messageBody":"","fileTypesAndContributionMap":{"md":{"insertions":4,"deletions":13}}},{"hash":"6f5fe6d8e95df61fb029ef9aaab9c6f4d159b617","messageTitle":"update README.md","messageBody":"","fileTypesAndContributionMap":{"md":{"insertions":2,"deletions":2}}},{"hash":"6fd780277c222c98650a8e3866462a4c0998c467","messageTitle":"update README.md","messageBody":"","fileTypesAndContributionMap":{"md":{"insertions":1,"deletions":1}}},{"hash":"89efe9215674240363688aeec9cd94e15c2eb8c0","messageTitle":"Update README.md","messageBody":"add link for product user guid","fileTypesAndContributionMap":{"md":{"insertions":2,"deletions":0}}}]},{"date":"2020-11-13","commitResults":[{"hash":"cedea37383bf085e535302af1f4eacd875f77b0f","messageTitle":"Update and rename README.md to linqing.md","messageBody":"","fileTypesAndContributionMap":{"md":{"insertions":59,"deletions":26}}},{"hash":"b66dba0261a8a40f09edcae7c8ecc7c4af93fba0","messageTitle":"Create linqing.md","messageBody":"","fileTypesAndContributionMap":{"md":{"insertions":59,"deletions":0}}},{"hash":"74bb16e6a4d40e2a8260e3522c901ea8a016e117","messageTitle":"Delete linqing.md","messageBody":"","fileTypesAndContributionMap":{"md":{"insertions":0,"deletions":59}}},{"hash":"21d6ea2a59d889528c5a59fef5663ead3e462cb2","messageTitle":"Update and rename linqing.md to ReadMe.md","messageBody":"","fileTypesAndContributionMap":{"md":{"insertions":26,"deletions":59}}}]},{"date":"2021-01-18","commitResults":[{"hash":"ea750d996a34ccf1455ea7e9a5088d11d4a6524e","messageTitle":"add a gradle","messageBody":"","tags":["A-Gradle"],"fileTypesAndContributionMap":{"java":{"insertions":9,"deletions":9},"md":{"insertions":4,"deletions":4}}},{"hash":"a7a654b5b28b0af9794c8d5aa4bcfc082ac707e7","messageTitle":"add-gradle-support","messageBody":"","fileTypesAndContributionMap":{"gradle":{"insertions":64,"deletions":0},"java":{"insertions":0,"deletions":1},"bat":{"insertions":103,"deletions":0},"md":{"insertions":2,"deletions":2}}},{"hash":"43cd499615195f51e7afa97bcfce26a41cb098b4","messageTitle":"add-gradle-support","messageBody":"","fileTypesAndContributionMap":{"java":{"insertions":1,"deletions":1}}},{"hash":"1482f52e3ca45dce04528995f257f0acf4cf47ff","messageTitle":"add-gradle-support","messageBody":"","fileTypesAndContributionMap":{"gradle":{"insertions":0,"deletions":1}}}]},{"date":"2021-01-26","commitResults":[{"hash":"3185f4038e5903641f8319134b2f58b5b5598855","messageTitle":"A-StricterCodingStandard","messageBody":"","tags":["A-StricterCodingStandard"],"fileTypesAndContributionMap":{"gradle":{"insertions":2,"deletions":2},"java":{"insertions":266,"deletions":232},"bat":{"insertions":1,"deletions":1},"md":{"insertions":14,"deletions":14}}},{"hash":"70e28b3ee96868737f2ead0a16ae95893704d3c9","messageTitle":"A-StricterCodingStandard","messageBody":"","fileTypesAndContributionMap":{"java":{"insertions":1,"deletions":1}}},{"hash":"9ca127b5134452968e0ce0670b7466387314f0d0","messageTitle":"A-StricterCodingStandard","messageBody":"","fileTypesAndContributionMap":{"java":{"insertions":1,"deletions":1}}},{"hash":"9e9015359ce6a763650c4f1a5d3da1548d72bfbf","messageTitle":"update","messageBody":"","fileTypesAndContributionMap":{"java":{"insertions":14,"deletions":10}}}]},{"date":"2021-01-28","commitResults":[{"hash":"5d68a36bce849958d1b7366c1dd545e76d30c3be","messageTitle":"A-CheckStyle","messageBody":"","fileTypesAndContributionMap":{"gradle":{"insertions":5,"deletions":17},"java":{"insertions":8,"deletions":5}}},{"hash":"7b71a95e707f1d958bc44628558f3dc32325f5e7","messageTitle":"A-CheckStyle","messageBody":"","tags":["A-CheckStyle"],"fileTypesAndContributionMap":{"txt":{"insertions":0,"deletions":2}}},{"hash":"e7a5d40299719f4f26872c7a1eca1d980039d022","messageTitle":"update the checkStyle with test","messageBody":"","fileTypesAndContributionMap":{"java":{"insertions":9,"deletions":8}}}]},{"date":"2021-01-29","commitResults":[{"hash":"dea5f8bc15790cd6a0b414914b60bac5fe28f1c3","messageTitle":"add leve1-10","messageBody":"","tags":["Level-10"],"fileTypesAndContributionMap":{"gradle":{"insertions":18,"deletions":3},"fxml":{"insertions":35,"deletions":0},"java":{"insertions":177,"deletions":2}}},{"hash":"92ed1d8930e414edeb6a80c13a725b3b4b4f60e3","messageTitle":"add a GUI","messageBody":"","fileTypesAndContributionMap":{"java":{"insertions":0,"deletions":1}}}]},{"date":"2021-02-04","commitResults":[{"hash":"eea74293c6a755618a96fdeaaf17c24a5e6fe771","messageTitle":"update GUI","messageBody":"","fileTypesAndContributionMap":{"gradle":{"insertions":1,"deletions":1},"txt":{"insertions":0,"deletions":1},"fxml":{"insertions":3,"deletions":3},"java":{"insertions":117,"deletions":117},"md":{"insertions":2,"deletions":2}}},{"hash":"9004aeb198e63177650a047f894d8d47bc239ad1","messageTitle":"update GUI","messageBody":"","fileTypesAndContributionMap":{"java":{"insertions":66,"deletions":0}}},{"hash":"7486930a26871a04db2e6df8b5d855e1a8a7e8bd","messageTitle":"add C-Help","messageBody":"","tags":["BCD-Extension"],"fileTypesAndContributionMap":{"java":{"insertions":43,"deletions":4}}}]},{"date":"2021-02-05","commitResults":[{"hash":"ec6b20996c7e139b71c4e08883e38add4103522c","messageTitle":"edit javadoc","messageBody":"","fileTypesAndContributionMap":{"txt":{"insertions":1,"deletions":0},"java":{"insertions":55,"deletions":65}}},{"hash":"057b5f718661a37ca66f166d562c949eda432f0c","messageTitle":"edit javadoc","messageBody":"","fileTypesAndContributionMap":{"java":{"insertions":4,"deletions":4}}},{"hash":"b7857068b40cddad731b422427fefc5f61a2a004","messageTitle":"edit code","messageBody":"","fileTypesAndContributionMap":{"txt":{"insertions":0,"deletions":1},"java":{"insertions":14,"deletions":32}}}]},{"date":"2021-02-07","commitResults":[{"hash":"6e4e0705093fd1318eedd629eeb25a355dfd1c15","messageTitle":"fixed storage","messageBody":"","fileTypesAndContributionMap":{"txt":{"insertions":4,"deletions":0},"java":{"insertions":19,"deletions":6}}}]},{"date":"2021-02-14","commitResults":[{"hash":"a2ed598c2da38f8f90a143caf9fc99d8db47348c","messageTitle":"A-HigherCodingQuality","messageBody":"","tags":["A-HigherCodingQuality"],"fileTypesAndContributionMap":{"txt":{"insertions":2,"deletions":4},"java":{"insertions":172,"deletions":145}}}]},{"date":"2021-02-15","commitResults":[{"hash":"01c3bef22e2ca356b5c26079bbf839084d4ce2d2","messageTitle":"add UserGuide.md","messageBody":"","fileTypesAndContributionMap":{"txt":{"insertions":4,"deletions":2},"fxml":{"insertions":1,"deletions":1},"java":{"insertions":53,"deletions":8},"md":{"insertions":349,"deletions":229}}},{"hash":"c13be7fe50f427a74d073e1fa417361cd1674321","messageTitle":"add UserGuide.md","messageBody":"","fileTypesAndContributionMap":{"java":{"insertions":2,"deletions":2}}},{"hash":"e342ce18f8c4b644c3e7be38322e0197dc1367b2","messageTitle":"add DeveloperGuide.md","messageBody":"","fileTypesAndContributionMap":{"md":{"insertions":31,"deletions":67}}},{"hash":"bfed3a84c390ef8ddd17a2ed2c86667574f5fcd7","messageTitle":"Update DeveloperGuide.md","messageBody":"","fileTypesAndContributionMap":{"md":{"insertions":4,"deletions":1}}},{"hash":"7af5953993709aca5de25fec432d9904de75dec3","messageTitle":"Update DeveloperGuide.md","messageBody":"","fileTypesAndContributionMap":{"md":{"insertions":3,"deletions":3}}},{"hash":"56107b1e49e9ff74a58a87c0ad1c6ececb3b94b8","messageTitle":"Update DeveloperGuide.md","messageBody":"","fileTypesAndContributionMap":{"md":{"insertions":3,"deletions":3}}},{"hash":"5b15568b316c03770736612ed0a5ac131e412093","messageTitle":"update userguide and ui.png","messageBody":"","fileTypesAndContributionMap":{"md":{"insertions":2,"deletions":2}}},{"hash":"d9c0d02d4db655066b794d1c9d6d077011892b3a","messageTitle":"Update UserGuide.md","messageBody":"","fileTypesAndContributionMap":{"md":{"insertions":6,"deletions":6}}},{"hash":"14affc830a20f4fc35efa4563de0539653f69851","messageTitle":"Update duke.txt","messageBody":"","fileTypesAndContributionMap":{"txt":{"insertions":1,"deletions":4}}}]},{"date":"2021-02-21","commitResults":[{"hash":"d641722689480cd7efdacfd2ba42d3671339919f","messageTitle":"Update ReadMe.md","messageBody":"","fileTypesAndContributionMap":{"md":{"insertions":2,"deletions":1}}},{"hash":"883f8552a94dcb59ba52a60071bbe91227c2b739","messageTitle":"Update ReadMe.md","messageBody":"","fileTypesAndContributionMap":{"md":{"insertions":2,"deletions":2}}},{"hash":"18ede0b533ef47b463ffba75c98328a572b58c33","messageTitle":"Update ReadMe.md","messageBody":"","fileTypesAndContributionMap":{"md":{"insertions":1,"deletions":1}}},{"hash":"4270406ed958a7294e10ff2f3acf7b88287d46ab","messageTitle":"Update ReadMe.md","messageBody":"","fileTypesAndContributionMap":{"md":{"insertions":2,"deletions":2}}},{"hash":"c5a18364af8b7dd550922071b5abcdc33868b91b","messageTitle":"Create ReadMe.md","messageBody":"","fileTypesAndContributionMap":{"md":{"insertions":9,"deletions":0}}},{"hash":"b3daa36ae5153964f4ec002c8d163b3d53cfa8e4","messageTitle":"Update ReadMe.md","messageBody":"","fileTypesAndContributionMap":{"md":{"insertions":1,"deletions":1}}},{"hash":"9023b8a4ae8b726c753e7c68a34f1bd936c57b9d","messageTitle":"Update ReadMe.md","messageBody":"","fileTypesAndContributionMap":{"md":{"insertions":23,"deletions":6}}},{"hash":"e0bf31ede14df2eb71440a2ca2e1e36d42dd298a","messageTitle":"Update ReadMe.md","messageBody":"","fileTypesAndContributionMap":{"md":{"insertions":1,"deletions":1}}},{"hash":"d71b40677cd6327376e5369347fbcfbb850faa79","messageTitle":"include Ui.png link","messageBody":"","fileTypesAndContributionMap":{"md":{"insertions":3,"deletions":2}}},{"hash":"51d448967d9a211e79ab27ea543c402fccc77b2a","messageTitle":"include Ui.png link","messageBody":"","tags":["V3.1"],"fileTypesAndContributionMap":{"md":{"insertions":2,"deletions":6}}},{"hash":"b06577fddd5a1ab4a247f49efe2f24bba989e0ac","messageTitle":"update read me","messageBody":"","fileTypesAndContributionMap":{"md":{"insertions":7,"deletions":34}}},{"hash":"8abc4f009021aa836b3e4568c56def4c04af68cc","messageTitle":"update read me","messageBody":"","fileTypesAndContributionMap":{"md":{"insertions":2,"deletions":0}}},{"hash":"450d6677bc0ab43314edcbe3cd05a2c1137777be","messageTitle":"update read me","messageBody":"","fileTypesAndContributionMap":{"md":{"insertions":1,"deletions":4}}},{"hash":"30b36efb52652225a90539db9faafadf24d222bb","messageTitle":"update read me","messageBody":"","fileTypesAndContributionMap":{"txt":{"insertions":4,"deletions":1},"md":{"insertions":5,"deletions":1}}},{"hash":"935a55a743d0b4210cc4558454a356b34cd3778b","messageTitle":"update read me","messageBody":"","fileTypesAndContributionMap":{"md":{"insertions":1,"deletions":1}}},{"hash":"195c17ed5eb370ef7d244b76bf933ddd5856b6c8","messageTitle":"update read me","messageBody":"","fileTypesAndContributionMap":{"md":{"insertions":5,"deletions":3}}},{"hash":"349f8e14a66d1d9ae8f47fb11afb4e43d83851a0","messageTitle":"update read me","messageBody":"","fileTypesAndContributionMap":{"md":{"insertions":1,"deletions":1}}},{"hash":"c10b74a994aeb802829347bae0909ad3668c6cca","messageTitle":"update read me","messageBody":"","fileTypesAndContributionMap":{"md":{"insertions":3,"deletions":3}}},{"hash":"8a03602613dc828a8318d67f8a75347d76c1e8c2","messageTitle":"update read me","messageBody":"","fileTypesAndContributionMap":{"md":{"insertions":12,"deletions":2}}},{"hash":"f021fc0628b73aad06b0fefdd823b284495d3613","messageTitle":"update read me","messageBody":"","fileTypesAndContributionMap":{"txt":{"insertions":0,"deletions":4}}},{"hash":"66d6201b08baf3899e0bd3a0081ffad80a0ddbcb","messageTitle":"update read me","messageBody":"","fileTypesAndContributionMap":{"md":{"insertions":2,"deletions":2}}},{"hash":"02c2ca98a4c0cb9337635770cc0c4eecb4c14a06","messageTitle":"update read me","messageBody":"","fileTypesAndContributionMap":{"md":{"insertions":2,"deletions":2}}},{"hash":"15bd2d2de0d4e7adab9c7d5bf372a5773a748e7b","messageTitle":"update read me","messageBody":"","fileTypesAndContributionMap":{"md":{"insertions":3,"deletions":3}}},{"hash":"13476274ef59a96d53e393c8ef88c384c3a5917c","messageTitle":"update read me","messageBody":"","fileTypesAndContributionMap":{"md":{"insertions":3,"deletions":3}}},{"hash":"0ee90aed46166baa02fde608c611a62f4230e00c","messageTitle":"update read me","messageBody":"","tags":["v3.0","V3.01"],"fileTypesAndContributionMap":{"md":{"insertions":1,"deletions":1}}}]}]},"authorFileTypeContributionMap":{"linqing42":{"java":1230,"md":355,"fxml":35,"sh":0,"bat":106,"gradle":66,"txt":6}},"authorContributionVariance":{"linqing42":25755.158},"authorDisplayNameMap":{"linqing42":"TIC4002-F18-1 LIN ..QING"}}
