{"authorDailyContributionsMap":{"linqing42":[{"date":"2021-01-18","commitResults":[{"hash":"ea750d996a34ccf1455ea7e9a5088d11d4a6524e","messageTitle":"add a gradle","messageBody":"","tags":["A-Gradle"],"fileTypesAndContributionMap":{"java":{"insertions":9,"deletions":9},"md":{"insertions":4,"deletions":4}}},{"hash":"a7a654b5b28b0af9794c8d5aa4bcfc082ac707e7","messageTitle":"add-gradle-support","messageBody":"","fileTypesAndContributionMap":{"gradle":{"insertions":64,"deletions":0},"java":{"insertions":0,"deletions":1},"bat":{"insertions":103,"deletions":0},"md":{"insertions":2,"deletions":2}}},{"hash":"43cd499615195f51e7afa97bcfce26a41cb098b4","messageTitle":"add-gradle-support","messageBody":"","fileTypesAndContributionMap":{"java":{"insertions":1,"deletions":1}}}]}]},"authorFileTypeContributionMap":{"linqing42":{"java":10,"md":5,"fxml":0,"sh":0,"bat":103,"gradle":64,"txt":0}},"authorContributionVariance":{"linqing42":4375.0},"authorDisplayNameMap":{"linqing42":"TIC4002-F18-1 LIN ..QING"}}
