{"authorDailyContributionsMap":{"e0260222":[{"date":"2021-01-18","commitResults":[{"hash":"554c6c449b43ca5f9e716c0e7ee5eef0177e7577","messageTitle":"Fix checkstyle errors","messageBody":"","tags":["A-StricterCodingStandard","A-CheckStyle"],"fileTypesAndContributionMap":{"gradle":{"insertions":3,"deletions":3},"java":{"insertions":47,"deletions":38}}}]}]},"authorFileTypeContributionMap":{"e0260222":{"java":35,"md":0,"fxml":0,"sh":0,"bat":0,"gradle":3,"txt":0}},"authorContributionVariance":{"e0260222":905.7344},"authorDisplayNameMap":{"e0260222":"TIC4002-F18-2 CHAN..HONG"}}
