{"authorDailyContributionsMap":{"e0260222":[{"date":"2020-08-21","commitResults":[{"hash":"76fcb2e909580be6bac10326f06ac656fa7eb975","messageTitle":"Duke class: add greeting messages","messageBody":"There is no message to greet the users.\n\nGreeting messages let the users know Duke has started.\n\nLet\u0027s add hello and goodbye messages.\n\nThis version fulfils Level-0 requirements.\n","tags":["Level-0"],"fileTypesAndContributionMap":{"java":{"insertions":18,"deletions":2}}},{"hash":"88aa3711b2bb908c28c0da2755e61efed7e2c05b","messageTitle":"Duke class: add function to read and echo users\u0027 commands","messageBody":"There is no function to read and echo users\u0027 commands.\n\nIt is necessary to read and echo users\u0027 commands to capture their intention.\n\nLet\u0027s add a function that read and echo users\u0027 command. If the command is \"bye\", display the goodbye message and exit the program.\n\nThis version fulfils Level-1 requirements.\n","tags":["Level-1"],"fileTypesAndContributionMap":{"java":{"insertions":24,"deletions":0}}},{"hash":"ad8a45af391d3d3c76abc575e0b2d2137dd8381f","messageTitle":"Duke class: add function to store and list users\u0027 commands","messageBody":"There is no function to store and list users\u0027 commands.\n\nIt is necessary to allow users to store and list their previously entered commands.\n\nLet\u0027s,\n* add a function that stores users\u0027 command\n* add a function that lists users\u0027 previously entered commands\n\nThis version fulfils Level-2 requirements.\n","tags":["Level-2"],"fileTypesAndContributionMap":{"java":{"insertions":26,"deletions":8}}},{"hash":"03e307e719ebbf2399c65a84f7864a9e5487d115","messageTitle":"Add Task class","messageBody":"Tasks are represented using String..\n\nIt is more natural to use a Task class to represent tasks.\n\nLet\u0027s create a Task class to represent tasks instead of using String.\n","fileTypesAndContributionMap":{"java":{"insertions":45,"deletions":15}}},{"hash":"e8b6b027ef9a4ca6c49be651f627218dd1b08a69","messageTitle":"Duke class: add function to mark tasks as done","messageBody":"There is no function to mark tasks as done.\n\nIt allows users to mark tasks as done so that the users can keep track of what are the outstanding tasks.\n\nLet\u0027s add a function that marks tasks as done when the users enter \"done x\", in which x is the index of the task.\n\nThis version fulfils Level-3 requirements.\n","tags":["Level-3","A-Classes"],"fileTypesAndContributionMap":{"java":{"insertions":58,"deletions":9}}}]},{"date":"2020-08-24","commitResults":[{"hash":"963d12e93cd7c1f30b79763d0bf8f6bfdc2de246","messageTitle":"Duke class: Add support for ToDos, Events, Deadlines","messageBody":"","tags":["Level-4","A-Inheritance"],"fileTypesAndContributionMap":{"java":{"insertions":113,"deletions":33}}},{"hash":"25891c854f6ad0dcd4d065f55cc02e085f0a8b6b","messageTitle":"Add Automated Text UI Testing for \"bye\" case","messageBody":"","tags":["A-TextUiTesting"],"fileTypesAndContributionMap":{"txt":{"insertions":1,"deletions":0},"bat":{"insertions":1,"deletions":1}}},{"hash":"b0d5d087237a2b0a91963bd56a374f97935c5e4e","messageTitle":"Duke class: minor tweaks to conform to Java Coding Standard","messageBody":"","tags":["A-CodingStandard"],"fileTypesAndContributionMap":{"java":{"insertions":6,"deletions":6}}}]},{"date":"2020-08-31","commitResults":[{"hash":"41c832b1e23db1680dfba16fa84523824446226e","messageTitle":"Add DukeException to represent exceptions specific to Duke","messageBody":"","fileTypesAndContributionMap":{"java":{"insertions":21,"deletions":15}}},{"hash":"f842b04776655199111d315c84a26a900474c46e","messageTitle":"Add error message when the description for deadline/event task is missing","messageBody":"","tags":["A-Exceptions"],"fileTypesAndContributionMap":{"java":{"insertions":22,"deletions":10}}}]},{"date":"2020-09-01","commitResults":[{"hash":"81ec3e760554dd06c0f23979c18ca603a5e76f26","messageTitle":"Duke class: Improve code quality","messageBody":"","fileTypesAndContributionMap":{"java":{"insertions":24,"deletions":14}}},{"hash":"14edd255ce409de8645fdae317b7be8c22210168","messageTitle":"Make Task class an abstract class","messageBody":"","fileTypesAndContributionMap":{"java":{"insertions":20,"deletions":13}}},{"hash":"2254e0d7c9f1604708e4aec8f4777141753e6615","messageTitle":"Put all classes in duke package","messageBody":"","fileTypesAndContributionMap":{"java":{"insertions":15,"deletions":1}}},{"hash":"db9989d9ba21fabb7b68fdafc98a497887a2cfb0","messageTitle":"Change Event class and Deadline class to be subclass of Task class","messageBody":"","fileTypesAndContributionMap":{"java":{"insertions":10,"deletions":10}}}]},{"date":"2020-09-06","commitResults":[{"hash":"0c0efd2641734b4cac995e00618f4910ab1b17c0","messageTitle":"Add support for deleting tasks from the list","messageBody":"","fileTypesAndContributionMap":{"java":{"insertions":20,"deletions":0}}},{"hash":"068db35e7571d0a9c76fcbc27dcc1526c351d04c","messageTitle":"Add feature to save and load tasks","messageBody":"","fileTypesAndContributionMap":{"java":{"insertions":166,"deletions":3}}}]},{"date":"2020-09-08","commitResults":[{"hash":"90980c74f6945ddd1d499f0ca9dde40d4986a636","messageTitle":"Add JavaDoc comments for non-private classes/methods","messageBody":"","fileTypesAndContributionMap":{"java":{"insertions":66,"deletions":0}}},{"hash":"61b2a42ab729ec36225a2d7b431142484c7b0fa1","messageTitle":"Remove unicode characters to fix compatibility issues","messageBody":"","tags":["A-Jar"],"fileTypesAndContributionMap":{"java":{"insertions":2,"deletions":2}}}]},{"date":"2020-09-12","commitResults":[{"hash":"a43c34f52809474787c75133acc9c4a87cc84d47","messageTitle":"Extract out Parser class, Storage class, TaskList class and Ui class from Duke class.","messageBody":"","tags":["A-MoreOOP"],"fileTypesAndContributionMap":{"java":{"insertions":479,"deletions":279}}},{"hash":"8fd7dcd295039c4af7a727aa556674e512927082","messageTitle":"Change the \"by\" variable of Deadline class to java.time.LocalDateTime","messageBody":"","fileTypesAndContributionMap":{"java":{"insertions":26,"deletions":10}}}]},{"date":"2020-09-13","commitResults":[{"hash":"ec09852afd4a64bc74f2ca03d7b20b0587fca127","messageTitle":"Add function to find task by keyword","messageBody":"","fileTypesAndContributionMap":{"java":{"insertions":58,"deletions":5}}},{"hash":"68f47e81b6d6ebdc19a49c0c4c48bdc36752b75c","messageTitle":"Add JUnit Tests","messageBody":"","fileTypesAndContributionMap":{"java":{"insertions":99,"deletions":2}}}]},{"date":"2020-09-19","commitResults":[{"hash":"efe1b79489efb5e2d2f4145651e192b92893b52e","messageTitle":"Make find function case-insensitive","messageBody":"","fileTypesAndContributionMap":{"java":{"insertions":5,"deletions":6}}},{"hash":"b856bb1b8deb67f17428b9f3fa03b152550c6a28","messageTitle":"Change delete task and mark task as done functions to use the indexes displayed by find command","messageBody":"","fileTypesAndContributionMap":{"java":{"insertions":33,"deletions":19}}},{"hash":"01e335ae537576d1a6e1df66a6123d53729b2127","messageTitle":"Add JavaDoc to Ui class","messageBody":"","fileTypesAndContributionMap":{"java":{"insertions":9,"deletions":1}}},{"hash":"2b8431c951b98d71fd82f301fc3a24ce0de03ea6","messageTitle":"Add JUnit tests for Deadline class","messageBody":"","fileTypesAndContributionMap":{"java":{"insertions":54,"deletions":10}}}]},{"date":"2020-09-20","commitResults":[{"hash":"b72ea84ee82b6379a37a432bc790a6bd613af48c","messageTitle":"Divide classes into multiple packages","messageBody":"","fileTypesAndContributionMap":{"java":{"insertions":45,"deletions":9}}},{"hash":"314bfd1d95b521020f9d7199a3d42bbabbd0f735","messageTitle":"Extract Command class from Duke Class","messageBody":"","fileTypesAndContributionMap":{"java":{"insertions":274,"deletions":114}}},{"hash":"d963184fbe5e79a7b1909931e04591aace24a6f0","messageTitle":"Force users to use list/find command before using done/delete command to prevent wrong deletion","messageBody":"","fileTypesAndContributionMap":{"java":{"insertions":77,"deletions":80}}},{"hash":"b0695a402482b49a7e34625b5debb8e7770852af","messageTitle":"Add support for multiple keywords to find function","messageBody":"","fileTypesAndContributionMap":{"java":{"insertions":10,"deletions":3}}},{"hash":"bab13a1e7754dc2fc30a531b0afa95bba8892584","messageTitle":"Fix minor bugs with user interface","messageBody":"","fileTypesAndContributionMap":{"java":{"insertions":13,"deletions":13}}}]},{"date":"2020-09-21","commitResults":[{"hash":"3a04db9d9cb74e66a37b753f5cdff6bdf6ddffd2","messageTitle":"Make the commands case-insensitive","messageBody":"","fileTypesAndContributionMap":{"java":{"insertions":6,"deletions":6}}},{"hash":"56a1fe219ca99256f465d0f15d5c84558700447e","messageTitle":"Change Event class to support start datetime and duration of task","messageBody":"","fileTypesAndContributionMap":{"java":{"insertions":101,"deletions":56},"md":{"insertions":39,"deletions":5}}}]},{"date":"2020-09-22","commitResults":[{"hash":"3f5f389d9038db95033d226d783d34d1a8c38a46","messageTitle":"Improve JavaDocs for all classes","messageBody":"","fileTypesAndContributionMap":{"java":{"insertions":181,"deletions":46}}},{"hash":"bd8cc11746f81085b08130e652b0fd59e14a7850","messageTitle":"Fix a bug that causes the goodbye message to be displayed twice","messageBody":"","fileTypesAndContributionMap":{"java":{"insertions":0,"deletions":1}}}]},{"date":"2020-09-23","commitResults":[{"hash":"01ed46c828c1b6443b2a7f6f9182bb43a9d6c1bb","messageTitle":"Update docs\\README.md","messageBody":"","tags":["A-UserGuide"],"fileTypesAndContributionMap":{"md":{"insertions":104,"deletions":14}}},{"hash":"cfb35bb85acbdb8bf1bf78e3ae293bfbcac84f87","messageTitle":"Update docs\\README.md","messageBody":"","tags":["v0.2"],"fileTypesAndContributionMap":{"md":{"insertions":3,"deletions":3}}}]},{"date":"2021-01-18","commitResults":[{"hash":"554c6c449b43ca5f9e716c0e7ee5eef0177e7577","messageTitle":"Fix checkstyle errors","messageBody":"","tags":["A-StricterCodingStandard","A-CheckStyle"],"fileTypesAndContributionMap":{"gradle":{"insertions":3,"deletions":3},"java":{"insertions":47,"deletions":38}}}]},{"date":"2021-01-23","commitResults":[{"hash":"265484d06c9ba70d5ed221e4e89941747cc8fbf4","messageTitle":"Delete text-ui-test folder","messageBody":"","fileTypesAndContributionMap":{"txt":{"insertions":0,"deletions":1},"bat":{"insertions":0,"deletions":21},"sh":{"insertions":0,"deletions":38}}},{"hash":"2778e629e8da01a6bfaa6e47b28606758c4e3da7","messageTitle":"Add Java FX dependencies","messageBody":"","fileTypesAndContributionMap":{"gradle":{"insertions":15,"deletions":0}}}]},{"date":"2021-01-26","commitResults":[{"hash":"c4d34a2ec07b0d89fb7877c93eacdc8a05698f1a","messageTitle":"Add a GUI","messageBody":"","fileTypesAndContributionMap":{"gradle":{"insertions":2,"deletions":2},"java":{"insertions":211,"deletions":85}}},{"hash":"632689c9eb092546e08f1495ec1021b2a8095e52","messageTitle":"Update README.md","messageBody":"","tags":["Level-10"],"fileTypesAndContributionMap":{"md":{"insertions":3,"deletions":3}}}]},{"date":"2021-01-27","commitResults":[{"hash":"c78d946dec150d6060edaf573baf81fa380460d6","messageTitle":"Fix GUI bugs","messageBody":"","fileTypesAndContributionMap":{"java":{"insertions":5,"deletions":1}}}]},{"date":"2021-01-30","commitResults":[{"hash":"33fbb112b844aa518047ed69406306a7844e5f17","messageTitle":"Update checkstyle.xml to the version in address book 3","messageBody":"","fileTypesAndContributionMap":{"gradle":{"insertions":1,"deletions":1}}},{"hash":"e5dfdf3e6410f00bf996ef2c123bb0a9f0b49884","messageTitle":"Fix checkstyle errors","messageBody":"","fileTypesAndContributionMap":{"java":{"insertions":105,"deletions":82}}}]},{"date":"2021-02-02","commitResults":[{"hash":"650362cc1ce07208cd212a5b6b89253cda9f2eb8","messageTitle":"Add sort function","messageBody":"","fileTypesAndContributionMap":{"java":{"insertions":96,"deletions":5}}},{"hash":"633979fe8322332879ac58e95044fddfa46367d7","messageTitle":"Move system exit call to MainWindow class","messageBody":"","fileTypesAndContributionMap":{"java":{"insertions":5,"deletions":1}}},{"hash":"4795470de005e7a0c64461d56fec2caf9f25e347","messageTitle":"Remove nested if else from compare method","messageBody":"","fileTypesAndContributionMap":{"java":{"insertions":15,"deletions":15}}},{"hash":"cf6c5c371d322b666308ca1856e57e445335f26f","messageTitle":"Modify UI output for sort command","messageBody":"","tags":["BCD-Extension"],"fileTypesAndContributionMap":{"java":{"insertions":1,"deletions":1}}}]},{"date":"2021-02-07","commitResults":[{"hash":"cc81ff9ea20126db4ed229e376ea1dfaf1f17f60","messageTitle":"Update JavaDoc comments in Duke class","messageBody":"","fileTypesAndContributionMap":{"java":{"insertions":3,"deletions":2}}},{"hash":"f11ef88e1a3c0f1dbd058af8ffdea50486548afa","messageTitle":"Update JavaDoc comments in Deadline class","messageBody":"","fileTypesAndContributionMap":{"java":{"insertions":8,"deletions":1}}},{"hash":"89888c5c544a165d020663faecbf3e338ad2ae3d","messageTitle":"Update JavaDoc comments in Deadline class and Event class","messageBody":"","fileTypesAndContributionMap":{"java":{"insertions":9,"deletions":2}}},{"hash":"363c751f562b54a65791256bd635cbb14af2c5e7","messageTitle":"Update JavaDoc comments for Event class and Task class","messageBody":"","fileTypesAndContributionMap":{"java":{"insertions":17,"deletions":1}}},{"hash":"c5cbc2fb40f2ee68fb95b22e5a1b0f52879f5f69","messageTitle":"Update JavaDoc comments for TaskList class","messageBody":"","fileTypesAndContributionMap":{"java":{"insertions":39,"deletions":11}}},{"hash":"b3d2fcb4c9044e33d188ca3b5bd73129acd9a946","messageTitle":"Update JavaDoc comments for TaskListSorter class","messageBody":"","fileTypesAndContributionMap":{"java":{"insertions":1,"deletions":1}}},{"hash":"8af8756f339100a8d17c8deedfaa221aafc87080","messageTitle":"Update JavaDoc comments for Todo class","messageBody":"","fileTypesAndContributionMap":{"java":{"insertions":5,"deletions":0}}},{"hash":"a2ba7b4878eb083053fe4ef41c6cf4d79a82bcaa","messageTitle":"Update JavaDoc comments for Ui class","messageBody":"","fileTypesAndContributionMap":{"java":{"insertions":8,"deletions":0}}},{"hash":"6afcd3c2027aff4650583e4d16a2588f82c6a4b1","messageTitle":"Update JavaDoc comments for Ui class","messageBody":"","fileTypesAndContributionMap":{"java":{"insertions":1,"deletions":2}}},{"hash":"0a197b5dff16df8940ce09008d876d2115e13a51","messageTitle":"Update JavaDoc comment in Ui class","messageBody":"","tags":["A-HigherCodingQuality"],"fileTypesAndContributionMap":{"java":{"insertions":1,"deletions":1}}}]},{"date":"2021-02-15","commitResults":[{"hash":"be8171b7e0ced4bd5521d4c906b339e6911a385e","messageTitle":"Update README.md to make it a landing page for UD and DG","messageBody":"","fileTypesAndContributionMap":{"md":{"insertions":152,"deletions":141}}}]},{"date":"2021-02-17","commitResults":[{"hash":"06f7f21b02f0009e13d42f2555d52c0b7491fa8b","messageTitle":"Update DG and UG","messageBody":"","fileTypesAndContributionMap":{"java":{"insertions":3,"deletions":3},"md":{"insertions":106,"deletions":47}}},{"hash":"79d2da0d50b2ab8ff954bd93340ecb2e7f8a9891","messageTitle":"Fix wrong URL in DG","messageBody":"","fileTypesAndContributionMap":{"md":{"insertions":1,"deletions":1}}},{"hash":"e97bf4a9a3cf572706c966aa4b1b074608474ce9","messageTitle":"Fix wrong Ui.png path in README.md","messageBody":"","fileTypesAndContributionMap":{"md":{"insertions":1,"deletions":1}}},{"hash":"a4f7df8b061fdc611be5086ea4838dc104301c2d","messageTitle":"Fix Ui.png URL in README.md","messageBody":"","fileTypesAndContributionMap":{"md":{"insertions":1,"deletions":1}}},{"hash":"3915e9347e15044b9cc1fda163e5515c96acddf1","messageTitle":"Move JUnit tests to packages","messageBody":"","fileTypesAndContributionMap":{"java":{"insertions":5,"deletions":16}}},{"hash":"76493ac0132ba79e167ccc1d4d4e185263068963","messageTitle":"Rename variables used in JUnit tests","messageBody":"","fileTypesAndContributionMap":{"java":{"insertions":23,"deletions":23}}},{"hash":"2098fb2b4156c13e8a9931d530cec5c575f08dfb","messageTitle":"Add user stories and NFR to DG","messageBody":"","fileTypesAndContributionMap":{"md":{"insertions":26,"deletions":0}}},{"hash":"296141b53d36fed455a382dd813f9f7d0716e244","messageTitle":"Remove unneccesary subheading in DG","messageBody":"","fileTypesAndContributionMap":{"md":{"insertions":0,"deletions":3}}},{"hash":"52188954bfc18e0ab9fe1320b972cab688d657ea","messageTitle":"Fix wrong version number in user stories","messageBody":"","fileTypesAndContributionMap":{"md":{"insertions":1,"deletions":1}}},{"hash":"f26d6c1a323696d3e7134220e1e4ebb9ab0a71f9","messageTitle":"Update todo activity diagram","messageBody":"","tags":["A-Release"],"fileTypesAndContributionMap":{"md":{"insertions":1,"deletions":1}}}]}]},"authorFileTypeContributionMap":{"e0260222":{"java":1658,"md":234,"fxml":35,"sh":0,"bat":0,"gradle":17,"txt":0}},"authorContributionVariance":{"e0260222":8194.953},"authorDisplayNameMap":{"e0260222":"TIC4002-F18-2 CHAN..HONG"}}
