[{"path":"docs/README.md","fileType":"md","lines":[{"lineNumber":1,"author":{"gitId":"binbinhui"},"content":"![Image of Todolist](https://github.com/binbinhui/ip/blob/master/docs/94735-istock-863607936.jpg)"},{"lineNumber":2,"author":{"gitId":"-"},"content":"# User Guide"},{"lineNumber":3,"author":{"gitId":"-"},"content":""},{"lineNumber":4,"author":{"gitId":"-"},"content":""},{"lineNumber":5,"author":{"gitId":"binbinhui"},"content":"# About"},{"lineNumber":6,"author":{"gitId":"binbinhui"},"content":"A task manager application help user to record their daily task."},{"lineNumber":7,"author":{"gitId":"-"},"content":""},{"lineNumber":8,"author":{"gitId":"-"},"content":""},{"lineNumber":9,"author":{"gitId":"binbinhui"},"content":"# What to Use Task Manager for and When to Use It"},{"lineNumber":10,"author":{"gitId":"-"},"content":""},{"lineNumber":11,"author":{"gitId":"binbinhui"},"content":"User can use this task manager in his/her daily live. Task Manaer is a commonly user for:"},{"lineNumber":12,"author":{"gitId":"-"},"content":""},{"lineNumber":13,"author":{"gitId":"binbinhui"},"content":"- Record tasks"},{"lineNumber":14,"author":{"gitId":"binbinhui"},"content":"- Edit tasks"},{"lineNumber":15,"author":{"gitId":"binbinhui"},"content":"- Find tasks"},{"lineNumber":16,"author":{"gitId":"binbinhui"},"content":"- Others"},{"lineNumber":17,"author":{"gitId":"-"},"content":""},{"lineNumber":18,"author":{"gitId":"binbinhui"},"content":""},{"lineNumber":19,"author":{"gitId":"binbinhui"},"content":"# Source"},{"lineNumber":20,"author":{"gitId":"binbinhui"},"content":""},{"lineNumber":21,"author":{"gitId":"binbinhui"},"content":"You can found on [GitHub](https://github.com/binbinhui/ip). Fork me!"},{"lineNumber":22,"author":{"gitId":"-"},"content":""},{"lineNumber":23,"author":{"gitId":"binbinhui"},"content":"# Features "},{"lineNumber":24,"author":{"gitId":"binbinhui"},"content":"- `help`        "},{"lineNumber":25,"author":{"gitId":"binbinhui"},"content":"- `todo`       "},{"lineNumber":26,"author":{"gitId":"binbinhui"},"content":"- `event`       "},{"lineNumber":27,"author":{"gitId":"binbinhui"},"content":"- `deadline`   "},{"lineNumber":28,"author":{"gitId":"binbinhui"},"content":"- `list`       "},{"lineNumber":29,"author":{"gitId":"binbinhui"},"content":"- `done`        "},{"lineNumber":30,"author":{"gitId":"binbinhui"},"content":"- `delete`            "},{"lineNumber":31,"author":{"gitId":"binbinhui"},"content":"- `find`        "},{"lineNumber":32,"author":{"gitId":"binbinhui"},"content":"- `bye`        "},{"lineNumber":33,"author":{"gitId":"-"},"content":""},{"lineNumber":34,"author":{"gitId":"binbinhui"},"content":"### `help`"},{"lineNumber":35,"author":{"gitId":"binbinhui"},"content":"If user doesnt know the commands or typo, can always use the help option.\u003cbr/\u003e"},{"lineNumber":36,"author":{"gitId":"-"},"content":""},{"lineNumber":37,"author":{"gitId":"binbinhui"},"content":"Example:\u003cbr/\u003e"},{"lineNumber":38,"author":{"gitId":"binbinhui"},"content":"\u003cpre\u003ehelp"},{"lineNumber":39,"author":{"gitId":"-"},"content":""},{"lineNumber":40,"author":{"gitId":"binbinhui"},"content":"Expected outcome:"},{"lineNumber":41,"author":{"gitId":"binbinhui"},"content":"help       -Check the user manual"},{"lineNumber":42,"author":{"gitId":"binbinhui"},"content":"todo       -Add a to do task"},{"lineNumber":43,"author":{"gitId":"binbinhui"},"content":"event      -Add an event "},{"lineNumber":44,"author":{"gitId":"binbinhui"},"content":"deadline   -Add a deadline task"},{"lineNumber":45,"author":{"gitId":"binbinhui"},"content":"list       -List all task"},{"lineNumber":46,"author":{"gitId":"binbinhui"},"content":"done       -Mark a task to be done"},{"lineNumber":47,"author":{"gitId":"binbinhui"},"content":"delete     -Delete a task"},{"lineNumber":48,"author":{"gitId":"binbinhui"},"content":"load       -Load task from the file"},{"lineNumber":49,"author":{"gitId":"binbinhui"},"content":"find       -Find a task contain the key word"},{"lineNumber":50,"author":{"gitId":"binbinhui"},"content":"bye        -Exit the task\u003c/pre\u003e"},{"lineNumber":51,"author":{"gitId":"binbinhui"},"content":""},{"lineNumber":52,"author":{"gitId":"binbinhui"},"content":"### `todo`"},{"lineNumber":53,"author":{"gitId":"binbinhui"},"content":"User able to add a todo task with date or without date.\u003cbr/\u003e"},{"lineNumber":54,"author":{"gitId":"binbinhui"},"content":"Example:\u003cbr/\u003e"},{"lineNumber":55,"author":{"gitId":"binbinhui"},"content":"\u003cpre\u003ePlease enter"},{"lineNumber":56,"author":{"gitId":"binbinhui"},"content":"todo"},{"lineNumber":57,"author":{"gitId":"binbinhui"},"content":"Please add a to do task"},{"lineNumber":58,"author":{"gitId":"binbinhui"},"content":"read book"},{"lineNumber":59,"author":{"gitId":"binbinhui"},"content":"please add date: dd/mm/yyyy hhmm eg: 2/12/2019 1800"},{"lineNumber":60,"author":{"gitId":"binbinhui"},"content":"2/12/2019 1800"},{"lineNumber":61,"author":{"gitId":"-"},"content":""},{"lineNumber":62,"author":{"gitId":"binbinhui"},"content":"Expected outcome:"},{"lineNumber":63,"author":{"gitId":"binbinhui"},"content":"Mon Dec 02 18:00:00 SGT 2019 is valid date format"},{"lineNumber":64,"author":{"gitId":"binbinhui"},"content":"Task has been added\u003c/pre\u003e"},{"lineNumber":65,"author":{"gitId":"-"},"content":""},{"lineNumber":66,"author":{"gitId":"binbinhui"},"content":"### `event`"},{"lineNumber":67,"author":{"gitId":"binbinhui"},"content":"User able to add a event task with date.\u003cbr/\u003e"},{"lineNumber":68,"author":{"gitId":"binbinhui"},"content":"Example:\u003cbr/\u003e"},{"lineNumber":69,"author":{"gitId":"binbinhui"},"content":"\u003cpre\u003ePlease enter"},{"lineNumber":70,"author":{"gitId":"binbinhui"},"content":"event"},{"lineNumber":71,"author":{"gitId":"binbinhui"},"content":"Please add a event task"},{"lineNumber":72,"author":{"gitId":"binbinhui"},"content":"go for party"},{"lineNumber":73,"author":{"gitId":"binbinhui"},"content":"please add date: dd/mm/yyyy hhmm eg: 2/12/2019 1800"},{"lineNumber":74,"author":{"gitId":"binbinhui"},"content":"2/12/2019 1800"},{"lineNumber":75,"author":{"gitId":"-"},"content":""},{"lineNumber":76,"author":{"gitId":"-"},"content":"Expected outcome:"},{"lineNumber":77,"author":{"gitId":"binbinhui"},"content":"Mon Dec 02 18:00:00 SGT 2019 is valid date format"},{"lineNumber":78,"author":{"gitId":"binbinhui"},"content":"Task has been added\u003c/pre\u003e"},{"lineNumber":79,"author":{"gitId":"binbinhui"},"content":""},{"lineNumber":80,"author":{"gitId":"binbinhui"},"content":""},{"lineNumber":81,"author":{"gitId":"binbinhui"},"content":"### `deadline`"},{"lineNumber":82,"author":{"gitId":"binbinhui"},"content":"User able to add a deadline task with date.\u003cbr/\u003e"},{"lineNumber":83,"author":{"gitId":"binbinhui"},"content":"Example:\u003cbr/\u003e"},{"lineNumber":84,"author":{"gitId":"binbinhui"},"content":"\u003cpre\u003ePlease enter"},{"lineNumber":85,"author":{"gitId":"binbinhui"},"content":"deadline"},{"lineNumber":86,"author":{"gitId":"binbinhui"},"content":"Please add a event task"},{"lineNumber":87,"author":{"gitId":"binbinhui"},"content":"return book"},{"lineNumber":88,"author":{"gitId":"binbinhui"},"content":"please add date: dd/mm/yyyy hhmm eg: 2/12/2019 1800"},{"lineNumber":89,"author":{"gitId":"binbinhui"},"content":"2/12/2019 1800"},{"lineNumber":90,"author":{"gitId":"binbinhui"},"content":""},{"lineNumber":91,"author":{"gitId":"binbinhui"},"content":"Expected outcome:"},{"lineNumber":92,"author":{"gitId":"binbinhui"},"content":"Mon Dec 02 18:00:00 SGT 2019 is valid date format"},{"lineNumber":93,"author":{"gitId":"binbinhui"},"content":"Task has been added\u003c/pre\u003e"},{"lineNumber":94,"author":{"gitId":"binbinhui"},"content":""},{"lineNumber":95,"author":{"gitId":"binbinhui"},"content":""},{"lineNumber":96,"author":{"gitId":"binbinhui"},"content":"### `list`"},{"lineNumber":97,"author":{"gitId":"binbinhui"},"content":"User able to list all the tasks. \u003cbr/\u003e"},{"lineNumber":98,"author":{"gitId":"binbinhui"},"content":"Example:\u003cbr/\u003e"},{"lineNumber":99,"author":{"gitId":"binbinhui"},"content":"\u003cpre\u003elist"},{"lineNumber":100,"author":{"gitId":"-"},"content":""},{"lineNumber":101,"author":{"gitId":"binbinhui"},"content":"Expected outcome:"},{"lineNumber":102,"author":{"gitId":"binbinhui"},"content":"1. [T][x] read book  by Mon Dec 02 18:00:00 SGT 2019"},{"lineNumber":103,"author":{"gitId":"binbinhui"},"content":"2. [E][x] go for party  by Mon Dec 02 18:00:00 SGT 2019"},{"lineNumber":104,"author":{"gitId":"binbinhui"},"content":"3. [D][x] return book  by Mon Dec 02 18:00:00 SGT 2019\u003c/pre\u003e"},{"lineNumber":105,"author":{"gitId":"binbinhui"},"content":""},{"lineNumber":106,"author":{"gitId":"binbinhui"},"content":"### `done`"},{"lineNumber":107,"author":{"gitId":"binbinhui"},"content":"User able to change the status of a task. \u003cbr/\u003e"},{"lineNumber":108,"author":{"gitId":"binbinhui"},"content":"Example:\u003cbr/\u003e"},{"lineNumber":109,"author":{"gitId":"binbinhui"},"content":"\u003cpre\u003edone"},{"lineNumber":110,"author":{"gitId":"binbinhui"},"content":"Please mark done a task"},{"lineNumber":111,"author":{"gitId":"binbinhui"},"content":"1. [T][x] read book  by Mon Dec 02 18:00:00 SGT 2019"},{"lineNumber":112,"author":{"gitId":"binbinhui"},"content":"2. [E][x] go for party  by Mon Dec 02 18:00:00 SGT 2019"},{"lineNumber":113,"author":{"gitId":"binbinhui"},"content":"3. [D][x] return book  by Mon Dec 02 18:00:00 SGT 2019"},{"lineNumber":114,"author":{"gitId":"binbinhui"},"content":"1"},{"lineNumber":115,"author":{"gitId":"binbinhui"},"content":""},{"lineNumber":116,"author":{"gitId":"binbinhui"},"content":"Expected outcome:"},{"lineNumber":117,"author":{"gitId":"binbinhui"},"content":"[T][c] read book | 2/12/2019 1800 has been set to done.\u003c/pre\u003e"},{"lineNumber":118,"author":{"gitId":"binbinhui"},"content":""},{"lineNumber":119,"author":{"gitId":"binbinhui"},"content":""},{"lineNumber":120,"author":{"gitId":"binbinhui"},"content":"### `delete`"},{"lineNumber":121,"author":{"gitId":"binbinhui"},"content":"User able to delete a task. \u003cbr/\u003e"},{"lineNumber":122,"author":{"gitId":"binbinhui"},"content":"Example:\u003cbr/\u003e"},{"lineNumber":123,"author":{"gitId":"binbinhui"},"content":"\u003cpre\u003edelete"},{"lineNumber":124,"author":{"gitId":"binbinhui"},"content":"Please delete a task"},{"lineNumber":125,"author":{"gitId":"binbinhui"},"content":"1. [T][c] read book  by Mon Dec 02 18:00:00 SGT 2019"},{"lineNumber":126,"author":{"gitId":"binbinhui"},"content":"2. [E][x] go for party  by Mon Dec 02 18:00:00 SGT 2019"},{"lineNumber":127,"author":{"gitId":"binbinhui"},"content":"3. [D][x] return book  by Mon Dec 02 18:00:00 SGT 2019"},{"lineNumber":128,"author":{"gitId":"binbinhui"},"content":"1"},{"lineNumber":129,"author":{"gitId":"binbinhui"},"content":""},{"lineNumber":130,"author":{"gitId":"binbinhui"},"content":"Expected outcome:"},{"lineNumber":131,"author":{"gitId":"binbinhui"},"content":"[T][c] read book | 2/12/2019 1800 has been detele.\u003c/pre\u003e"},{"lineNumber":132,"author":{"gitId":"binbinhui"},"content":""},{"lineNumber":133,"author":{"gitId":"binbinhui"},"content":""},{"lineNumber":134,"author":{"gitId":"binbinhui"},"content":""},{"lineNumber":135,"author":{"gitId":"binbinhui"},"content":"### `find`"},{"lineNumber":136,"author":{"gitId":"binbinhui"},"content":"User able to find any keyword from the tasks.\u003cbr/\u003e"},{"lineNumber":137,"author":{"gitId":"binbinhui"},"content":"Example:\u003cbr/\u003e"},{"lineNumber":138,"author":{"gitId":"binbinhui"},"content":"\u003cpre\u003efind"},{"lineNumber":139,"author":{"gitId":"binbinhui"},"content":"Please type the keyword"},{"lineNumber":140,"author":{"gitId":"binbinhui"},"content":"1800"},{"lineNumber":141,"author":{"gitId":"-"},"content":""},{"lineNumber":142,"author":{"gitId":"-"},"content":"Expected outcome:"},{"lineNumber":143,"author":{"gitId":"binbinhui"},"content":"2. [T][x] read book  by Mon Dec 02 18:00:00 SGT 2019"},{"lineNumber":144,"author":{"gitId":"binbinhui"},"content":"3. [E][x] go school  by Mon Dec 02 18:00:00 SGT 2019\u003c/pre\u003e"},{"lineNumber":145,"author":{"gitId":"binbinhui"},"content":""},{"lineNumber":146,"author":{"gitId":"binbinhui"},"content":""},{"lineNumber":147,"author":{"gitId":"binbinhui"},"content":"### `bye`"},{"lineNumber":148,"author":{"gitId":"binbinhui"},"content":"User exit the program the tasks will save into a file.\u003cbr/\u003e"},{"lineNumber":149,"author":{"gitId":"binbinhui"},"content":"Example:\u003cbr/\u003e"},{"lineNumber":150,"author":{"gitId":"binbinhui"},"content":"\u003cpre\u003ebye"},{"lineNumber":151,"author":{"gitId":"binbinhui"},"content":""},{"lineNumber":152,"author":{"gitId":"binbinhui"},"content":"Expected outcome:"},{"lineNumber":153,"author":{"gitId":"binbinhui"},"content":"Successfully wrote to the file."},{"lineNumber":154,"author":{"gitId":"binbinhui"},"content":"Bye. Hope to see you again soon!\u003c/pre\u003e"},{"lineNumber":155,"author":{"gitId":"binbinhui"},"content":""},{"lineNumber":156,"author":{"gitId":"-"},"content":""},{"lineNumber":157,"author":{"gitId":"binbinhui"},"content":"# Thank You!!!"}],"authorContributionMap":{"binbinhui":137,"-":20}}]
