{"authorDailyContributionsMap":{"binbinhui":[{"date":"2021-02-20","commitResults":[{"hash":"60deb1a81191111a8c0e70ce77c468727ec07aed","messageTitle":"A-HigherCodingQuality","messageBody":"","fileTypesAndContributionMap":{"java":{"insertions":249,"deletions":127},"md":{"insertions":154,"deletions":7}}},{"hash":"510711f411a97afaf2b0d44b38c16af3e9802895","messageTitle":"Commit no track projects","messageBody":"","tags":["A-HigherCodingQuality"],"fileTypesAndContributionMap":{"txt":{"insertions":5,"deletions":0},"java":{"insertions":943,"deletions":0}}},{"hash":"9db2ef46f6e72c6b37f7b45f7d4c53c2f222649c","messageTitle":"Update UserGuide","messageBody":"Update UserGuide to the new logic","fileTypesAndContributionMap":{"md":{"insertions":61,"deletions":50}}},{"hash":"f51f10987d080d5498c20b2314aa6c238710a8a5","messageTitle":"Delete DeveloperGuide.md","messageBody":"","fileTypesAndContributionMap":{"md":{"insertions":0,"deletions":56}}},{"hash":"34413c6cb1a7498516d618f67bd40b21eee0d3d1","messageTitle":"Create DeveloperGuide.md","messageBody":"Create DeveloperGuide.md","fileTypesAndContributionMap":{"md":{"insertions":67,"deletions":0}}},{"hash":"7fb99201412abf21f472ba563c151af07ffee445","messageTitle":"Update DeveloperGuide.md","messageBody":"","fileTypesAndContributionMap":{"md":{"insertions":3,"deletions":3}}},{"hash":"134003d264259250b90b70eabc03de6fa0f0b7fd","messageTitle":"Update DeveloperGuide.md","messageBody":"","fileTypesAndContributionMap":{"md":{"insertions":1,"deletions":1}}},{"hash":"72a911197b863d7b51f9b49b48ec8cd26f966f20","messageTitle":"Update DeveloperGuide.md","messageBody":"","fileTypesAndContributionMap":{"md":{"insertions":2,"deletions":2}}},{"hash":"f4ab9524a0df8c920c29202e7f5e02388a41ea6f","messageTitle":"Update DeveloperGuide.md","messageBody":"","fileTypesAndContributionMap":{"md":{"insertions":1,"deletions":1}}},{"hash":"93d9a5a1386c13e104e301db2ad629d1285c02d2","messageTitle":"Update README.md","messageBody":"Update README.md","fileTypesAndContributionMap":{"md":{"insertions":6,"deletions":153}}},{"hash":"08fc628a2aadb93f95d3449fd5844c62c7e10e98","messageTitle":"Create AboutMe.md","messageBody":"Create AboutMe.md","fileTypesAndContributionMap":{"md":{"insertions":5,"deletions":0}}},{"hash":"54023eaff9e142e2964fee006ee3ba6a39948029","messageTitle":"Update README.md","messageBody":"","fileTypesAndContributionMap":{"md":{"insertions":1,"deletions":1}}},{"hash":"68fe9c7a155ab4e786b412871bab7960519062e2","messageTitle":"Update AboutMe.md","messageBody":"","fileTypesAndContributionMap":{"md":{"insertions":1,"deletions":1}}},{"hash":"9009983ad80a99ea323b6b01082a100d54438e02","messageTitle":"Update AboutMe.md","messageBody":"","fileTypesAndContributionMap":{"md":{"insertions":1,"deletions":1}}},{"hash":"e0def2563d934818fcf1c7dc6ea9c3596f8ba52d","messageTitle":"Update AboutMe.md","messageBody":"","fileTypesAndContributionMap":{"md":{"insertions":1,"deletions":1}}},{"hash":"c0c7b7710d8f965399efd0789aeb128a426b319f","messageTitle":"Update AboutMe.md","messageBody":"","fileTypesAndContributionMap":{"md":{"insertions":1,"deletions":1}}},{"hash":"57c2b0c2172222834a412f6758d29f3a0e7c4f02","messageTitle":"Improve code quality and fix some bugs.","messageBody":"","fileTypesAndContributionMap":{"java":{"insertions":16,"deletions":38}}},{"hash":"fbfbcbeaddf1c3e559df7d8dac7829b4bc18959a","messageTitle":"Update README.md","messageBody":"","tags":["v0.2","V0.2","Ui.png","JAR-with-GUI","JAR-released","B-Reminders","A-CI"],"fileTypesAndContributionMap":{"md":{"insertions":1,"deletions":1}}},{"hash":"2e3080fa5113a0a20c0e8dbd37e041c00e4cb881","messageTitle":"Delete Style.java","messageBody":"","fileTypesAndContributionMap":{"java":{"insertions":0,"deletions":24}}},{"hash":"5ed0775790c2f89aae3f406813fa30d4b18da062","messageTitle":"Delete src/main/java/duke/database directory","messageBody":"","fileTypesAndContributionMap":{"java":{"insertions":0,"deletions":107}}},{"hash":"8c61f93de5a9e2101247eee32eb58f7cc6c5ea55","messageTitle":"Delete src/main/java/duke/task directory","messageBody":"","fileTypesAndContributionMap":{"java":{"insertions":0,"deletions":106}}},{"hash":"20683eb2feb23b463fa859361c94703a5561b8a2","messageTitle":"Delete NoteCommandTest.java","messageBody":"","fileTypesAndContributionMap":{"java":{"insertions":0,"deletions":24}}},{"hash":"f8851fa56c98df9efe2b7808151615f54466d0de","messageTitle":"Delete DatabaseTest.java","messageBody":"","fileTypesAndContributionMap":{"java":{"insertions":0,"deletions":23}}},{"hash":"93c717faa13ca23c26710b7e89187d88819f3b3f","messageTitle":"Delete EventCommandTest.java","messageBody":"","fileTypesAndContributionMap":{"java":{"insertions":0,"deletions":20}}},{"hash":"464feccb2210107391b86bda06a4221085e41a95","messageTitle":"Delete ParserTest.java","messageBody":"","fileTypesAndContributionMap":{"java":{"insertions":0,"deletions":26}}}]}]},"authorFileTypeContributionMap":{"binbinhui":{"java":1165,"md":133,"fxml":3,"sh":0,"bat":0,"gradle":0,"txt":5}},"authorContributionVariance":{"binbinhui":27383.883},"authorDisplayNameMap":{"binbinhui":"TIC4002-F18-1 LIN ..NHUI"}}
