{"authorDailyContributionsMap":{"binbinhui":[{"date":"2021-02-20","commitResults":[{"hash":"60deb1a81191111a8c0e70ce77c468727ec07aed","messageTitle":"A-HigherCodingQuality","messageBody":"","fileTypesAndContributionMap":{"java":{"insertions":249,"deletions":127},"md":{"insertions":154,"deletions":7}}},{"hash":"510711f411a97afaf2b0d44b38c16af3e9802895","messageTitle":"Commit no track projects","messageBody":"","fileTypesAndContributionMap":{"txt":{"insertions":5,"deletions":0},"java":{"insertions":943,"deletions":0}}},{"hash":"9db2ef46f6e72c6b37f7b45f7d4c53c2f222649c","messageTitle":"Update UserGuide","messageBody":"Update UserGuide to the new logic","fileTypesAndContributionMap":{"md":{"insertions":61,"deletions":50}}},{"hash":"f51f10987d080d5498c20b2314aa6c238710a8a5","messageTitle":"Delete DeveloperGuide.md","messageBody":"","fileTypesAndContributionMap":{"md":{"insertions":0,"deletions":56}}}]}]},"authorFileTypeContributionMap":{"binbinhui":{"java":1183,"md":200,"fxml":4,"sh":0,"bat":0,"gradle":0,"txt":5}},"authorContributionVariance":{"binbinhui":14213.695},"authorDisplayNameMap":{"binbinhui":"TIC4002-F18-1 LIN ..NHUI"}}
