{"authorDailyContributionsMap":{"binbinhui":[{"date":"2020-08-20","commitResults":[{"hash":"35d92ca36e84bc46ec46e6b4141f16e93d1d82d6","messageTitle":"Level 0. Greet","messageBody":"","tags":["Level-0"],"fileTypesAndContributionMap":{"java":{"insertions":17,"deletions":0}}},{"hash":"57b57045c950a99909418edee18a53b89c328422","messageTitle":"Level 0. Greet","messageBody":"","fileTypesAndContributionMap":{"java":{"insertions":48,"deletions":5}}}]},{"date":"2020-08-21","commitResults":[{"hash":"13473b3b21e73db719a0c009fc048c21e3d3e066","messageTitle":"Level 2. Add, List","messageBody":"","tags":["Level-2"],"fileTypesAndContributionMap":{"java":{"insertions":25,"deletions":7}}},{"hash":"2c84b2aac8744bb31ad57370a51802067abfe0bc","messageTitle":"Level 3. Mark as Done","messageBody":"","tags":["Level-3"],"fileTypesAndContributionMap":{"java":{"insertions":125,"deletions":17}}}]},{"date":"2020-08-29","commitResults":[{"hash":"bbe87d56d32a21b4bbc55dbac605fcb1a14bec1b","messageTitle":"Level 4. ToDos, Events, Deadlines","messageBody":"","tags":["Level-4"],"fileTypesAndContributionMap":{"java":{"insertions":147,"deletions":14}}},{"hash":"3005764c80c48ddc08c1bbea736d696f2d0fd43f","messageTitle":"Level 5. Handle Errors A-AbstractClasses A-Packages","messageBody":"","tags":["Level-5","A-CodingQuality1","A-CodingQuality"],"fileTypesAndContributionMap":{"java":{"insertions":65,"deletions":38},"bat":{"insertions":2,"deletions":2}}}]},{"date":"2020-09-06","commitResults":[{"hash":"d195fcea8a4bd2841dddad74686e5cd38444bb12","messageTitle":"A-CodingQuality Revamped many methods to look more readable, avoided deep nesting, happy path prominent, refactored methods, and SLAP.","messageBody":"","fileTypesAndContributionMap":{"java":{"insertions":207,"deletions":156},"bat":{"insertions":1,"deletions":1}}},{"hash":"6f18ff4167a4cfde4ebf08eecb2be93541f39ca0","messageTitle":"Level 6. Delete","messageBody":"","fileTypesAndContributionMap":{"java":{"insertions":63,"deletions":22}}}]},{"date":"2020-09-19","commitResults":[{"hash":"b243199a556d51d3da3d1e5de45ee14913d1a538","messageTitle":"Level 7. Save","messageBody":"","fileTypesAndContributionMap":{"java":{"insertions":57,"deletions":40}}},{"hash":"52615875f29a2365690cca64d42e60f2b33e0490","messageTitle":"A-JavaDoc Added JavaDoc comments and removed redundant Ui method redBorderlines().","messageBody":"","fileTypesAndContributionMap":{"java":{"insertions":307,"deletions":192},"bat":{"insertions":1,"deletions":1}}},{"hash":"5a759b6e89b96a6e0a6251637efd6a59186faaab","messageTitle":"Edited JavaDoc comments.","messageBody":"","tags":["A-Jar"],"fileTypesAndContributionMap":{"java":{"insertions":82,"deletions":0}}}]},{"date":"2020-09-23","commitResults":[{"hash":"c675d46cbf356218e99cf79351c23fd19217a49a","messageTitle":"A-MoreOOP Extracted all commands into classes.","messageBody":"","tags":["Level-8","A-MoreOOP"],"fileTypesAndContributionMap":{"java":{"insertions":364,"deletions":209}}}]},{"date":"2020-09-25","commitResults":[{"hash":"d8c3ddf907865f3b72d447f88f43841e084fd7b5","messageTitle":"Level 8. Date and Time Added date and time to deadline and events, renamed taskDescription to line to avoid confusion with description (actual description of task).","messageBody":"","fileTypesAndContributionMap":{"java":{"insertions":78,"deletions":39}}}]},{"date":"2020-09-26","commitResults":[{"hash":"98f009d24574f275af8a1eecd1bf20f5b509f5cf","messageTitle":"Level 9. Find","messageBody":"","fileTypesAndContributionMap":{"java":{"insertions":65,"deletions":22}}},{"hash":"6d0c2277f1ac6c8f8fcc86ae54342431f028ef6b","messageTitle":"Level 9. Find","messageBody":"","fileTypesAndContributionMap":{"java":{"insertions":2,"deletions":2}}}]},{"date":"2020-09-27","commitResults":[{"hash":"b261a16eeb3b6f6db5e59e13cb679fa21d13d85f","messageTitle":"A-JUnit Added JUnit tests, imported Gradle.","messageBody":"","tags":["A-JUnit"],"fileTypesAndContributionMap":{"gradle":{"insertions":34,"deletions":0},"java":{"insertions":76,"deletions":6},"bat":{"insertions":104,"deletions":0}}}]},{"date":"2020-09-28","commitResults":[{"hash":"efd868d06dbb71200a9da09d258cddfa91b78feb","messageTitle":"A-UserGuide","messageBody":"","tags":["A-UserGuide"],"fileTypesAndContributionMap":{"md":{"insertions":116,"deletions":17}}},{"hash":"9d58f2b1cd175d3a5bc01241c3653cf623a1a222","messageTitle":"A-UserGuide Some formats were not working.","messageBody":"","fileTypesAndContributionMap":{"md":{"insertions":19,"deletions":11}}},{"hash":"8c1d7966d39173fd7a8b5f1324f8e338de4b981b","messageTitle":"Update README.md","messageBody":"","tags":["A-Release"],"fileTypesAndContributionMap":{"md":{"insertions":11,"deletions":11}}}]},{"date":"2020-10-04","commitResults":[{"hash":"ce44b642966ff27f581d43fa5ec77eb89478d7c1","messageTitle":"Update README.md","messageBody":"","fileTypesAndContributionMap":{"md":{"insertions":1,"deletions":1}}}]},{"date":"2021-01-26","commitResults":[{"hash":"850ff47f9b9ff5760c488d9938077342dd982610","messageTitle":"A-Gradle A-CheckStyle Restructured code to 0 gradle checkstyle violations","messageBody":"","tags":["A-Gradle","A-CheckStyle"],"fileTypesAndContributionMap":{"gradle":{"insertions":48,"deletions":19},"java":{"insertions":158,"deletions":111},"bat":{"insertions":3,"deletions":18},"md":{"insertions":9,"deletions":9}}}]},{"date":"2021-01-27","commitResults":[{"hash":"88e5b9b6370056f3752107a33b7fbc7e0b7e4e7f","messageTitle":"Level-10 Changed all commands and UI to return Strings for GUI","messageBody":"","fileTypesAndContributionMap":{"gradle":{"insertions":16,"deletions":2},"java":{"insertions":287,"deletions":152}}},{"hash":"9923add5083636e326f76c06f80395b2e8e9c044","messageTitle":"Changed isDone tick and cross to D and X due to encoding issues","messageBody":"","tags":["Level-10","A-GUI"],"fileTypesAndContributionMap":{"java":{"insertions":5,"deletions":5}}}]},{"date":"2021-02-07","commitResults":[{"hash":"9fc12eca9ee55c6cf8eb03db91eaf4848fe9e529","messageTitle":"BCD-Extension Added D-Notes Replaced all /n to /r due to DialogBox ellipsis issue Removed unused text color functions","messageBody":"","tags":["BCD-Extension"],"fileTypesAndContributionMap":{"java":{"insertions":161,"deletions":108},"md":{"insertions":34,"deletions":20}}},{"hash":"af82d8ed3a84a90e33cab182bdc9c16f45598d29","messageTitle":"Update UserGuide.md","messageBody":"","fileTypesAndContributionMap":{"md":{"insertions":36,"deletions":22}}},{"hash":"e00618d09358ea3154d3a9324596cda51da2f850","messageTitle":"Move variable declarations closer to usage","messageBody":"Scope of variables are large and may cause issues in future.\n\nVariables are declared just before their usage to reduce their scope and smoothen the flow of thought for the reader.\n\nLet\u0027s declare the variables in the same scope and just before usage.\n\nAlso add and update README.md, DeveloperGuide.md,  UserGuide.md, DoneCommandTest.java and NoteCommandTest.java.\n","fileTypesAndContributionMap":{"java":{"insertions":80,"deletions":40},"md":{"insertions":57,"deletions":18}}}]},{"date":"2021-02-08","commitResults":[{"hash":"78c200d1645243935b1358c5cec5ad43f218a97a","messageTitle":"Remove redundant text-ui-test files","messageBody":"Program shifted to GUI so text UI tests are no longer required.\n","fileTypesAndContributionMap":{"txt":{"insertions":0,"deletions":0},"bat":{"insertions":0,"deletions":21},"sh":{"insertions":0,"deletions":38}}}]},{"date":"2021-02-10","commitResults":[{"hash":"dc5c6ef45e436c51862b1d0d6fae0b8e0bb03eca","messageTitle":"Restyle to a medieval Duke theme","messageBody":"Makes the program more interesting to use.\n\nAlso update the README.md, DeveloperGuide.md, UserGuide.md.\n","fileTypesAndContributionMap":{"java":{"insertions":102,"deletions":96},"md":{"insertions":14,"deletions":31}}},{"hash":"92148048b9686962a2b34f5a2a84fa976d827cf8","messageTitle":"Change /r to \\r and improve NoteCommand","messageBody":"Carriage returns were not displayed properly, and user inputting note without text is properly caught.\n","fileTypesAndContributionMap":{"txt":{"insertions":1,"deletions":0},"java":{"insertions":9,"deletions":9}}},{"hash":"9576a33ca6053554933f834e50ba39b4ff8bcb3c","messageTitle":"Update README.md","messageBody":"","fileTypesAndContributionMap":{"md":{"insertions":3,"deletions":3}}},{"hash":"b8a49ac05f1ca0ad0c057687406de5a825271de7","messageTitle":"Update UserGuide.md","messageBody":"","fileTypesAndContributionMap":{"md":{"insertions":10,"deletions":11}}}]},{"date":"2021-02-20","commitResults":[{"hash":"60deb1a81191111a8c0e70ce77c468727ec07aed","messageTitle":"A-HigherCodingQuality","messageBody":"","fileTypesAndContributionMap":{"java":{"insertions":249,"deletions":127},"md":{"insertions":154,"deletions":7}}},{"hash":"510711f411a97afaf2b0d44b38c16af3e9802895","messageTitle":"Commit no track projects","messageBody":"","tags":["A-HigherCodingQuality"],"fileTypesAndContributionMap":{"txt":{"insertions":5,"deletions":0},"java":{"insertions":943,"deletions":0}}},{"hash":"9db2ef46f6e72c6b37f7b45f7d4c53c2f222649c","messageTitle":"Update UserGuide","messageBody":"Update UserGuide to the new logic","fileTypesAndContributionMap":{"md":{"insertions":61,"deletions":50}}},{"hash":"f51f10987d080d5498c20b2314aa6c238710a8a5","messageTitle":"Delete DeveloperGuide.md","messageBody":"","fileTypesAndContributionMap":{"md":{"insertions":0,"deletions":56}}},{"hash":"34413c6cb1a7498516d618f67bd40b21eee0d3d1","messageTitle":"Create DeveloperGuide.md","messageBody":"Create DeveloperGuide.md","fileTypesAndContributionMap":{"md":{"insertions":67,"deletions":0}}},{"hash":"7fb99201412abf21f472ba563c151af07ffee445","messageTitle":"Update DeveloperGuide.md","messageBody":"","fileTypesAndContributionMap":{"md":{"insertions":3,"deletions":3}}},{"hash":"134003d264259250b90b70eabc03de6fa0f0b7fd","messageTitle":"Update DeveloperGuide.md","messageBody":"","fileTypesAndContributionMap":{"md":{"insertions":1,"deletions":1}}},{"hash":"72a911197b863d7b51f9b49b48ec8cd26f966f20","messageTitle":"Update DeveloperGuide.md","messageBody":"","fileTypesAndContributionMap":{"md":{"insertions":2,"deletions":2}}},{"hash":"f4ab9524a0df8c920c29202e7f5e02388a41ea6f","messageTitle":"Update DeveloperGuide.md","messageBody":"","fileTypesAndContributionMap":{"md":{"insertions":1,"deletions":1}}},{"hash":"93d9a5a1386c13e104e301db2ad629d1285c02d2","messageTitle":"Update README.md","messageBody":"Update README.md","fileTypesAndContributionMap":{"md":{"insertions":6,"deletions":153}}},{"hash":"08fc628a2aadb93f95d3449fd5844c62c7e10e98","messageTitle":"Create AboutMe.md","messageBody":"Create AboutMe.md","fileTypesAndContributionMap":{"md":{"insertions":5,"deletions":0}}},{"hash":"54023eaff9e142e2964fee006ee3ba6a39948029","messageTitle":"Update README.md","messageBody":"","fileTypesAndContributionMap":{"md":{"insertions":1,"deletions":1}}},{"hash":"68fe9c7a155ab4e786b412871bab7960519062e2","messageTitle":"Update AboutMe.md","messageBody":"","fileTypesAndContributionMap":{"md":{"insertions":1,"deletions":1}}},{"hash":"9009983ad80a99ea323b6b01082a100d54438e02","messageTitle":"Update AboutMe.md","messageBody":"","fileTypesAndContributionMap":{"md":{"insertions":1,"deletions":1}}},{"hash":"e0def2563d934818fcf1c7dc6ea9c3596f8ba52d","messageTitle":"Update AboutMe.md","messageBody":"","fileTypesAndContributionMap":{"md":{"insertions":1,"deletions":1}}},{"hash":"c0c7b7710d8f965399efd0789aeb128a426b319f","messageTitle":"Update AboutMe.md","messageBody":"","fileTypesAndContributionMap":{"md":{"insertions":1,"deletions":1}}},{"hash":"57c2b0c2172222834a412f6758d29f3a0e7c4f02","messageTitle":"Improve code quality and fix some bugs.","messageBody":"","fileTypesAndContributionMap":{"java":{"insertions":16,"deletions":38}}},{"hash":"fbfbcbeaddf1c3e559df7d8dac7829b4bc18959a","messageTitle":"Update README.md","messageBody":"","tags":["v0.2","V0.2","Ui.png","JAR-with-GUI","JAR-released","B-Reminders","A-CI"],"fileTypesAndContributionMap":{"md":{"insertions":1,"deletions":1}}},{"hash":"2e3080fa5113a0a20c0e8dbd37e041c00e4cb881","messageTitle":"Delete Style.java","messageBody":"","fileTypesAndContributionMap":{"java":{"insertions":0,"deletions":24}}},{"hash":"5ed0775790c2f89aae3f406813fa30d4b18da062","messageTitle":"Delete src/main/java/duke/database directory","messageBody":"","fileTypesAndContributionMap":{"java":{"insertions":0,"deletions":107}}},{"hash":"8c61f93de5a9e2101247eee32eb58f7cc6c5ea55","messageTitle":"Delete src/main/java/duke/task directory","messageBody":"","fileTypesAndContributionMap":{"java":{"insertions":0,"deletions":106}}},{"hash":"20683eb2feb23b463fa859361c94703a5561b8a2","messageTitle":"Delete NoteCommandTest.java","messageBody":"","fileTypesAndContributionMap":{"java":{"insertions":0,"deletions":24}}},{"hash":"f8851fa56c98df9efe2b7808151615f54466d0de","messageTitle":"Delete DatabaseTest.java","messageBody":"","fileTypesAndContributionMap":{"java":{"insertions":0,"deletions":23}}},{"hash":"93c717faa13ca23c26710b7e89187d88819f3b3f","messageTitle":"Delete EventCommandTest.java","messageBody":"","fileTypesAndContributionMap":{"java":{"insertions":0,"deletions":20}}},{"hash":"464feccb2210107391b86bda06a4221085e41a95","messageTitle":"Delete ParserTest.java","messageBody":"","fileTypesAndContributionMap":{"java":{"insertions":0,"deletions":26}}}]}]},"authorFileTypeContributionMap":{"binbinhui":{"java":1850,"md":203,"fxml":37,"sh":0,"bat":89,"gradle":77,"txt":6}},"authorContributionVariance":{"binbinhui":36605.72},"authorDisplayNameMap":{"binbinhui":"TIC4002-F18-1 LIN ..NHUI"}}
