{"authorDailyContributionsMap":{"binbinhui":[{"date":"2020-09-23","commitResults":[{"hash":"72407f70212b72dc7a30958c14e54f7e043b699b","messageTitle":"Update README.md","messageBody":"add user guide","fileTypesAndContributionMap":{"md":{"insertions":144,"deletions":9}}},{"hash":"fff320b55ea3f3622ee71cd17216a2a02f5fdbe0","messageTitle":"Update README.md","messageBody":"","tags":["A-UserGuide"],"fileTypesAndContributionMap":{"md":{"insertions":1,"deletions":1}}}]},{"date":"2020-09-24","commitResults":[{"hash":"b3a1f9cdf414a747f4faff5d7e2177558997fec8","messageTitle":"update README.md","messageBody":"add image","tags":["v0.2"],"fileTypesAndContributionMap":{"md":{"insertions":5,"deletions":3}}}]},{"date":"2020-09-25","commitResults":[{"hash":"abfeda27d2a7edaf068cac246fbb0b4a276c2908","messageTitle":"Update README.md","messageBody":"","fileTypesAndContributionMap":{"md":{"insertions":1,"deletions":1}}}]},{"date":"2020-09-26","commitResults":[{"hash":"25e7e2809b0fe37ca3f7a4b88fa3ae55930bd007","messageTitle":"Update README.md","messageBody":"","fileTypesAndContributionMap":{"md":{"insertions":1,"deletions":1}}}]}]},"authorFileTypeContributionMap":{"binbinhui":{"java":0,"md":137,"fxml":0,"sh":0,"bat":0,"gradle":0,"txt":0}},"authorContributionVariance":{"binbinhui":533.25366},"authorDisplayNameMap":{"binbinhui":"TIC4002-F18-1 LIN ..NHUI"}}
