{"authorDailyContributionsMap":{"ZhengShijieNUS":[{"date":"2020-08-21","commitResults":[{"hash":"86f37fbf017bc25a667c2a93be188f8605e7d380","messageTitle":"level 0","messageBody":"","tags":["Level-0"],"fileTypesAndContributionMap":{"java":{"insertions":17,"deletions":6}}},{"hash":"0a9b12b62c4374eded8a8b96e3cc3505f0c28a89","messageTitle":"level 1","messageBody":"","tags":["Level-1"],"fileTypesAndContributionMap":{"java":{"insertions":16,"deletions":0}}}]},{"date":"2020-08-22","commitResults":[{"hash":"44cdf22e6c7a134b70d6618c9fd1735ee6b2ce05","messageTitle":"level 2","messageBody":"","fileTypesAndContributionMap":{"java":{"insertions":9,"deletions":2}}},{"hash":"e165765ba109eddbea3473735bdd398f95abeaf5","messageTitle":"level 2","messageBody":"","tags":["Level-2"],"fileTypesAndContributionMap":{"java":{"insertions":0,"deletions":7}}},{"hash":"8f50f25155b567c5f4fa775bb63d28b66222cdd0","messageTitle":"level 3","messageBody":"","tags":["Level-3"],"fileTypesAndContributionMap":{"java":{"insertions":61,"deletions":9}}}]},{"date":"2020-08-23","commitResults":[{"hash":"2e3e9e8a988e2040070fc534e814f1aeac567ce6","messageTitle":"level 4","messageBody":"","tags":["Level-4"],"fileTypesAndContributionMap":{"java":{"insertions":109,"deletions":21}}}]},{"date":"2020-08-26","commitResults":[{"hash":"d2651e9bb8aaf6bc57b8838c4a36caf8be2bcce6","messageTitle":"A-TextUiTesting","messageBody":"","tags":["A-TextUiTesting"],"fileTypesAndContributionMap":{"txt":{"insertions":7,"deletions":0},"bat":{"insertions":7,"deletions":1}}},{"hash":"e64bd1c34bdc11bd40be8ed42d51d8c2d40f01a7","messageTitle":"A-CodingStandard","messageBody":"","tags":["A-CodingStandard"],"fileTypesAndContributionMap":{"java":{"insertions":28,"deletions":51}}},{"hash":"e20bb7ef96c60ead36cdfba7126b28a7e2a68bfa","messageTitle":"Level-5","messageBody":"","tags":["Level-5"],"fileTypesAndContributionMap":{"java":{"insertions":48,"deletions":18}}}]},{"date":"2020-08-29","commitResults":[{"hash":"efedd9e1ff48b49314b104340023169de0186d13","messageTitle":"A-CodeQuality","messageBody":"","tags":["A-CodeQuality","A-AbstractClasses"],"fileTypesAndContributionMap":{"java":{"insertions":18,"deletions":17}}},{"hash":"643c33d1dec44f1a913b1ce190d8b295e2a133ee","messageTitle":"A-Packages","messageBody":"","tags":["A-Packages"],"fileTypesAndContributionMap":{"java":{"insertions":11,"deletions":8}}}]},{"date":"2020-09-04","commitResults":[{"hash":"cc37392577251dec697a06d08d9fb277ca3f44fe","messageTitle":"branch-A-CodeQuality","messageBody":"","fileTypesAndContributionMap":{"java":{"insertions":2,"deletions":0}}},{"hash":"0d8d34f267e64932511d35f49645a7cc9ae54d1a","messageTitle":"testing","messageBody":"","fileTypesAndContributionMap":{"java":{"insertions":1,"deletions":0}}},{"hash":"1ab3a6742fc5e8e71c68d676c4637f184e827fea","messageTitle":"testing branch","messageBody":"","fileTypesAndContributionMap":{"java":{"insertions":2,"deletions":0}}},{"hash":"7f7dc47c5bbfb75cc9aacb42ad318b47e619fbf4","messageTitle":"testing branch","messageBody":"","fileTypesAndContributionMap":{"java":{"insertions":1,"deletions":0}}},{"hash":"b6618512204f3bbcc1eeab54fb43b48db9bf8331","messageTitle":"testing branch","messageBody":"","fileTypesAndContributionMap":{"java":{"insertions":3,"deletions":0}}},{"hash":"fc7f81f40265efcfe5ddf19cd1355b941bc2591e","messageTitle":"restore from testing branch","messageBody":"","fileTypesAndContributionMap":{"java":{"insertions":0,"deletions":7}}}]},{"date":"2020-09-05","commitResults":[{"hash":"885931a5bb783bb643303b089a6c47eebf2aacb7","messageTitle":"Level 6","messageBody":"","fileTypesAndContributionMap":{"java":{"insertions":13,"deletions":0}}},{"hash":"c302af2202a18189ba7f1c68643e1d437bf760c0","messageTitle":"Level 7","messageBody":"","fileTypesAndContributionMap":{"java":{"insertions":141,"deletions":7}}},{"hash":"4c7bfa563d180a827f584cfb391b28379ab94b64","messageTitle":"A-JavaDoc","messageBody":"","fileTypesAndContributionMap":{"java":{"insertions":28,"deletions":0}}},{"hash":"cdae526e932ac4de1f1d83658b713ff31cf0fc6f","messageTitle":"Level-7","messageBody":"","tags":["Level-7"],"fileTypesAndContributionMap":{"java":{"insertions":1,"deletions":0}}}]},{"date":"2020-09-13","commitResults":[{"hash":"530c11134f904af669dc555b2d576c05a3452959","messageTitle":"A-MoreOOP","messageBody":"","tags":["A-MoreOOP"],"fileTypesAndContributionMap":{"java":{"insertions":447,"deletions":206}}},{"hash":"dc266fb1ff13f63185e3c53058181f7099b86085","messageTitle":"Level-8","messageBody":"","fileTypesAndContributionMap":{"java":{"insertions":25,"deletions":12}}},{"hash":"e07ae201588ff76fa24780a4fbc4bd5930b62406","messageTitle":"Level-9","messageBody":"","fileTypesAndContributionMap":{"java":{"insertions":34,"deletions":1}}}]},{"date":"2020-09-14","commitResults":[{"hash":"341a3a9af6d910fa5a3805987fa03dc607a36e42","messageTitle":"A-JUnit \u0026 fixed bug in Parse","messageBody":"","fileTypesAndContributionMap":{"java":{"insertions":89,"deletions":3}}}]},{"date":"2020-09-19","commitResults":[{"hash":"6da872e95a526bc6f384ff963540e3106fbbb076","messageTitle":"Update README.md","messageBody":"Commit 1st version of the doc","fileTypesAndContributionMap":{"md":{"insertions":123,"deletions":5}}},{"hash":"91868367115f0293b0f14b1b76da9ff252187bbd","messageTitle":"Update README.md","messageBody":"Make the doc to be a nicer look","tags":["A-UserGuide","A-Release"],"fileTypesAndContributionMap":{"md":{"insertions":49,"deletions":35}}}]},{"date":"2021-01-16","commitResults":[{"hash":"937b8876936a2dd83531a7a5bf629cd72268bb4c","messageTitle":"add gradle support","messageBody":"","tags":["A-Gradle"],"fileTypesAndContributionMap":{"gradle":{"insertions":18,"deletions":0},"txt":{"insertions":0,"deletions":0},"bat":{"insertions":84,"deletions":0}}},{"hash":"eda744415cd7618e55922146abdc0d9dbe9b15a1","messageTitle":"code style upgrade","messageBody":"modify code style to comply with standard style\n","fileTypesAndContributionMap":{"gradle":{"insertions":5,"deletions":0},"java":{"insertions":358,"deletions":289},"sh":{"insertions":2,"deletions":2},"md":{"insertions":3,"deletions":3}}},{"hash":"2fe7eda5065d151a145ce2cc67a7618c4cae38fc","messageTitle":"rename test folder","messageBody":"","fileTypesAndContributionMap":{"java":{"insertions":0,"deletions":1}}},{"hash":"927c5ff7534c3d66427c53a48ce82aba786bd1fb","messageTitle":"Update settings.gradle","messageBody":"","tags":["A-StricterCodingStandard","A-CheckStyle"],"fileTypesAndContributionMap":{"gradle":{"insertions":1,"deletions":1}}}]}]},"authorFileTypeContributionMap":{"ZhengShijieNUS":{"java":803,"md":137,"fxml":0,"sh":2,"bat":91,"gradle":23,"txt":7}},"authorContributionVariance":{"ZhengShijieNUS":7815.1074},"authorDisplayNameMap":{"ZhengShijieNUS":"TIC4002-F18-3 ZHEN..IJIE"}}
