{"authorDailyContributionsMap":{"ZhengShijieNUS":[{"date":"2021-01-16","commitResults":[{"hash":"937b8876936a2dd83531a7a5bf629cd72268bb4c","messageTitle":"add gradle support","messageBody":"","tags":["A-Gradle"],"fileTypesAndContributionMap":{"gradle":{"insertions":18,"deletions":0},"txt":{"insertions":0,"deletions":0},"bat":{"insertions":84,"deletions":0}}},{"hash":"eda744415cd7618e55922146abdc0d9dbe9b15a1","messageTitle":"code style upgrade","messageBody":"modify code style to comply with standard style\n","fileTypesAndContributionMap":{"gradle":{"insertions":5,"deletions":0},"java":{"insertions":358,"deletions":289},"sh":{"insertions":2,"deletions":2},"md":{"insertions":3,"deletions":3}}},{"hash":"2fe7eda5065d151a145ce2cc67a7618c4cae38fc","messageTitle":"rename test folder","messageBody":"","fileTypesAndContributionMap":{"java":{"insertions":0,"deletions":1}}},{"hash":"927c5ff7534c3d66427c53a48ce82aba786bd1fb","messageTitle":"Update settings.gradle","messageBody":"","tags":["A-StricterCodingStandard"],"fileTypesAndContributionMap":{"gradle":{"insertions":1,"deletions":1}}}]}]},"authorFileTypeContributionMap":{"ZhengShijieNUS":{"java":286,"md":3,"fxml":0,"sh":2,"bat":84,"gradle":23,"txt":0}},"authorContributionVariance":{"ZhengShijieNUS":81706.81},"authorDisplayNameMap":{"ZhengShijieNUS":"TIC4002-F18-3 ZHEN..IJIE"}}
