{"authorDailyContributionsMap":{"HongJiancheng":[{"date":"2020-08-21","commitResults":[{"hash":"791aefd9aa02cce22b8fa9f96d672dcb9323b11d","messageTitle":"level 0. Greet","messageBody":"","tags":["Level-0"],"fileTypesAndContributionMap":{"java":{"insertions":21,"deletions":0}}},{"hash":"048cb6ac1ca901311f63706bf730a3d196491985","messageTitle":"level 1. Greet, Echo, Exit","messageBody":"","tags":["Level-1"],"fileTypesAndContributionMap":{"java":{"insertions":40,"deletions":1}}},{"hash":"cf5b4ce29634fcc31cbd8c704b564e8abf062cdb","messageTitle":"level 2. Add, List","messageBody":"","tags":["level-2"],"fileTypesAndContributionMap":{"java":{"insertions":20,"deletions":1}}},{"hash":"950a7a710d41ddbe92986436b2146bcaa6dd4b81","messageTitle":"level 3. Mark as Done","messageBody":"","tags":["level-3"],"fileTypesAndContributionMap":{"java":{"insertions":52,"deletions":6}}},{"hash":"656f8cf63efd5e29635dbde01811c68423be4a97","messageTitle":"level 4. ToDo, Event, Deadline","messageBody":"","tags":["Level-4"],"fileTypesAndContributionMap":{"java":{"insertions":87,"deletions":9}}}]},{"date":"2020-08-26","commitResults":[{"hash":"8f34de910785652e90e4f1dcbec651f06898f2f1","messageTitle":"A-TextUiTesting: Automated Text UI Testing","messageBody":"","tags":["A-TextUiTesting","A-CodingStandard"],"fileTypesAndContributionMap":{"txt":{"insertions":3,"deletions":0},"java":{"insertions":3,"deletions":1},"bat":{"insertions":1,"deletions":1},"sh":{"insertions":1,"deletions":1}}}]},{"date":"2020-09-02","commitResults":[{"hash":"86fa88581e9c292c3c44c0ca4ead92e8252503dd","messageTitle":"Level 5. Handle Errors and A-Package","messageBody":"","tags":["Level-5","A-Packages","A-Exceptions"],"fileTypesAndContributionMap":{"java":{"insertions":57,"deletions":29},"bat":{"insertions":1,"deletions":1},"sh":{"insertions":1,"deletions":1}}},{"hash":"8613910152fde19097d93fdff6025a9d6f56e961","messageTitle":"A-CodeQuality: Improve Code Quality","messageBody":"","tags":["A-CodeQuality"],"fileTypesAndContributionMap":{"java":{"insertions":5,"deletions":5}}},{"hash":"19fa7708c33fcd5972f9121b98531d40f2e8c43d","messageTitle":"A-AbstractClasses: Use Abstract Classes","messageBody":"","tags":["A-AbstractClasses"],"fileTypesAndContributionMap":{"java":{"insertions":17,"deletions":14}}}]},{"date":"2020-09-04","commitResults":[{"hash":"d7907b75040c90e6ab638978db3ec913dd0597eb","messageTitle":"Level 6. Delete","messageBody":"","tags":["Level-6"],"fileTypesAndContributionMap":{"java":{"insertions":13,"deletions":4}}}]},{"date":"2020-09-11","commitResults":[{"hash":"e9683599fa0aecd39af055cb1ba1d44f350a3bcd","messageTitle":"Level 7. Save","messageBody":"","tags":["Level-7"],"fileTypesAndContributionMap":{"java":{"insertions":85,"deletions":4}}},{"hash":"5b6156c5272cded81a1940ecfbb8754f879ebce5","messageTitle":"A-JavaDoc: Add JavaDoc comments","messageBody":"","fileTypesAndContributionMap":{"java":{"insertions":9,"deletions":2}}},{"hash":"2c01efbe7edb1209d037d8325731ab26a0946d2e","messageTitle":"A-Jar: created a jar file","messageBody":"","tags":["A-Jar"],"fileTypesAndContributionMap":{"txt":{"insertions":5,"deletions":0}}}]},{"date":"2020-09-17","commitResults":[{"hash":"44ef7b33085d855e67710f94fd91b416990c81db","messageTitle":"A-MoreOOP: Use More OOP","messageBody":"","tags":["Level-9","A-MoreOOP"],"fileTypesAndContributionMap":{"txt":{"insertions":1,"deletions":2},"java":{"insertions":224,"deletions":101}}},{"hash":"c6212de27865a81e1f7792c2193e40e2b7a710ae","messageTitle":"A-Packages","messageBody":"","fileTypesAndContributionMap":{"java":{"insertions":31,"deletions":10}}},{"hash":"6e26484c5645d56e8316aabf91cafc0a045df8b2","messageTitle":"Level 9. Find","messageBody":"","fileTypesAndContributionMap":{"java":{"insertions":29,"deletions":0}}}]},{"date":"2020-09-18","commitResults":[{"hash":"2aa78f80378b653ef7f8859dadc3272394024cfb","messageTitle":"A-JUnit: Add JUnit Tests","messageBody":"","tags":["A-JUnit"],"fileTypesAndContributionMap":{"java":{"insertions":55,"deletions":0}}},{"hash":"d7e32d66c5f5cf4d8b637b5c21ee4f7bb618927a","messageTitle":"A-AbstractClasses: to add branch","messageBody":"","fileTypesAndContributionMap":{"java":{"insertions":4,"deletions":0}}},{"hash":"0dc4f8ff7f24a4caf204d98c0910b1a85c8baa47","messageTitle":"Level-8: Dates and Times","messageBody":"","fileTypesAndContributionMap":{"txt":{"insertions":4,"deletions":3},"java":{"insertions":20,"deletions":14}}}]},{"date":"2020-09-27","commitResults":[{"hash":"ec9804c3ffc22b71ce7763999e759a816a098c16","messageTitle":"A-UserGuide: Add a User Guide","messageBody":"","tags":["A-UserGuide"],"fileTypesAndContributionMap":{"txt":{"insertions":3,"deletions":1},"java":{"insertions":19,"deletions":3},"md":{"insertions":132,"deletions":7}}},{"hash":"4ac241a1352ea3b4f4636e02ad6ef25495ced178","messageTitle":"A-Release: Repair a date saving bug discovered from testing","messageBody":"","fileTypesAndContributionMap":{"txt":{"insertions":5,"deletions":6},"java":{"insertions":2,"deletions":2}}},{"hash":"989c047df62cfd448aa2bdd37fe6396d7571c1b1","messageTitle":"Edit File Directory Handling Error","messageBody":"","tags":["A-Release"],"fileTypesAndContributionMap":{"java":{"insertions":6,"deletions":2}}}]},{"date":"2021-01-18","commitResults":[{"hash":"b83a16571fb64a8ca9b8620fc4b40cd1f8e3f5d9","messageTitle":"A-Gradle","messageBody":"","tags":["A-Gradle"],"fileTypesAndContributionMap":{"gradle":{"insertions":52,"deletions":0},"bat":{"insertions":103,"deletions":0}}}]},{"date":"2021-01-26","commitResults":[{"hash":"ed65a3cde8eb32dee54801416f8d4987cfe19147","messageTitle":"A-CheckStyle","messageBody":"","fileTypesAndContributionMap":{"java":{"insertions":190,"deletions":142}}}]},{"date":"2021-01-27","commitResults":[{"hash":"d9a97b588e2bb38e7769eceb6322149a0bdb6c7d","messageTitle":"Level-10","messageBody":"","tags":["Level-10"],"fileTypesAndContributionMap":{"gradle":{"insertions":17,"deletions":3},"java":{"insertions":181,"deletions":4}}}]},{"date":"2021-01-30","commitResults":[{"hash":"4d2f300fd89a461be2f4275fb7070a55085cd2d3","messageTitle":"Updated GUI with better view","messageBody":"","fileTypesAndContributionMap":{"gradle":{"insertions":2,"deletions":2},"java":{"insertions":79,"deletions":77}}}]},{"date":"2021-01-31","commitResults":[{"hash":"9d41a6e55f4bd47143c3dacb9ab2a58af1f9376c","messageTitle":"Resolve file access issue","messageBody":"","fileTypesAndContributionMap":{"java":{"insertions":13,"deletions":5}}}]},{"date":"2021-02-03","commitResults":[{"hash":"52dd10b8d837cc87211e73c165574327971865a9","messageTitle":"Checkstyle error changed","messageBody":"","fileTypesAndContributionMap":{"java":{"insertions":2,"deletions":2}}}]},{"date":"2021-02-04","commitResults":[{"hash":"97611090e6e6b7f938e70bc6170eeab86c822ff2","messageTitle":"BCD-Extension: Duplicate Check","messageBody":"","tags":["BCD-Extension"],"fileTypesAndContributionMap":{"java":{"insertions":80,"deletions":8}}},{"hash":"c93dff91885ca7544d3a7e60ac44f70f8838d0fe","messageTitle":"Checkstyle resolved","messageBody":"","fileTypesAndContributionMap":{"java":{"insertions":12,"deletions":4}}}]},{"date":"2021-02-14","commitResults":[{"hash":"34f07b5402e5a6aa6c7c0fb269e1fa566a6f9d9b","messageTitle":"Better GUI with higher coding standard","messageBody":"","tags":["A-HigherCodingQuality"],"fileTypesAndContributionMap":{"txt":{"insertions":1,"deletions":1},"java":{"insertions":22,"deletions":5}}}]}]},"authorFileTypeContributionMap":{"HongJiancheng":{"java":929,"md":125,"fxml":35,"sh":1,"bat":104,"gradle":66,"txt":9}},"authorContributionVariance":{"HongJiancheng":2574.9492},"authorDisplayNameMap":{"HongJiancheng":"TIC4002-F18-3 HONG..HENG"}}
