{"authorDailyContributionsMap":{"timmyly7":[{"date":"2020-08-26","commitResults":[{"hash":"a2d886434100a35427a855cf4530a6dbb9532847","messageTitle":"Level 4 Task","messageBody":"","tags":["Level-4"],"fileTypesAndContributionMap":{"java":{"insertions":145,"deletions":23}}},{"hash":"7fdd3051adcfed3ce6deba48c404833a9e565e1b","messageTitle":"A-CodingStandard, as most of the code has follow the code standard, changes are limited.","messageBody":"","tags":["A-CodingStandard"],"fileTypesAndContributionMap":{"java":{"insertions":9,"deletions":9}}}]},{"date":"2020-09-04","commitResults":[{"hash":"dbbfd36c643f00ee1dab860b396900e75005f255","messageTitle":"Restructure project for more  understandable code. Complete task Level-5, A-CodeQuality, A-AbstractClasses, A-Packages","messageBody":"","tags":["Level-5","A-Packages","A-CodeQuality","A-AbstractClasses"],"fileTypesAndContributionMap":{"java":{"insertions":405,"deletions":151}}}]},{"date":"2020-09-11","commitResults":[{"hash":"9a5c49b69800cc92785d2261dc83285c57d0089f","messageTitle":"Add delete function","messageBody":"","tags":["Level-6"],"fileTypesAndContributionMap":{"java":{"insertions":48,"deletions":9}}},{"hash":"10d4bb756498f002e1c0978ce51c196537a86215","messageTitle":"Add save function","messageBody":"","tags":["Level-7"],"fileTypesAndContributionMap":{"java":{"insertions":86,"deletions":0}}},{"hash":"fcd72234786ea1121d7a1d65d9f049faa811669a","messageTitle":"Add save function","messageBody":"","tags":["A-JavaDoc"],"fileTypesAndContributionMap":{"java":{"insertions":29,"deletions":2}}},{"hash":"4b1485bd2e02983dfe0e5625d89d085d1b4939ea","messageTitle":"Add Maven Build for JAR file generation","messageBody":"","fileTypesAndContributionMap":{"java":{"insertions":3,"deletions":1},"bat":{"insertions":2,"deletions":2},"md":{"insertions":1,"deletions":1}}}]},{"date":"2020-09-17","commitResults":[{"hash":"390c1469e9db319d401119c544b020c8604305de","messageTitle":"Add deadline date for level-8 task","messageBody":"","tags":["Level-8"],"fileTypesAndContributionMap":{"java":{"insertions":24,"deletions":2}}},{"hash":"9cff42af85ef39de0253053e348035c19abe7610","messageTitle":"Add deadline date for level-9 task","messageBody":"","tags":["Level-9"],"fileTypesAndContributionMap":{"java":{"insertions":64,"deletions":0}}},{"hash":"e25a3de149939c33f01fbccfcb53fc7ae73d47dc","messageTitle":"Add junit testing and task","messageBody":"","tags":["A-JUnit"],"fileTypesAndContributionMap":{"java":{"insertions":24,"deletions":0}}}]},{"date":"2020-09-28","commitResults":[{"hash":"61871c6694819ca67cb385aa2613fe153821011a","messageTitle":"Add junit testing and task","messageBody":"","fileTypesAndContributionMap":{"java":{"insertions":141,"deletions":66}}},{"hash":"228e2b13f289f99f42b227fed384c0aab6717d77","messageTitle":"Update User guide","messageBody":"","fileTypesAndContributionMap":{"md":{"insertions":100,"deletions":3}}},{"hash":"38cd948d61beaa5c16b563ee065e726aee960f2b","messageTitle":"Update User guide","messageBody":"","tags":["A-UserGuide"],"fileTypesAndContributionMap":{"md":{"insertions":6,"deletions":1}}}]},{"date":"2021-01-21","commitResults":[{"hash":"d6b6f3de9ee10a05676a92b46118e81948592f56","messageTitle":"Add gradle","messageBody":"","fileTypesAndContributionMap":{"java":{"insertions":2,"deletions":12}}}]},{"date":"2021-01-28","commitResults":[{"hash":"6b5ab6c19a2fd04f2e14eeaa876af044753ea391","messageTitle":"Add JavaFx","messageBody":"","fileTypesAndContributionMap":{"gradle":{"insertions":15,"deletions":0},"java":{"insertions":256,"deletions":10}}},{"hash":"ca278c4026693fe8791671e2c8334ba810ba7cbc","messageTitle":"GUI added","messageBody":"","tags":["Level-10"],"fileTypesAndContributionMap":{"gradle":{"insertions":2,"deletions":1},"java":{"insertions":7,"deletions":3}}}]},{"date":"2021-02-04","commitResults":[{"hash":"1119e9dc5201a1d9572f4cf1e1765577c2f88aa3","messageTitle":"GUI updated","messageBody":"","fileTypesAndContributionMap":{"java":{"insertions":265,"deletions":264}}},{"hash":"f1df9d721cce64faaff3fac95940c2808631f5d7","messageTitle":"Update Yml","messageBody":"","tags":["A-CI"],"fileTypesAndContributionMap":{"gradle":{"insertions":20,"deletions":0}}}]},{"date":"2021-02-05","commitResults":[{"hash":"788f1ef3c804ae2f0d9083a3df37f93e9471d4a1","messageTitle":"Search by start and end date","messageBody":"","tags":["BCD-Extension"],"fileTypesAndContributionMap":{"java":{"insertions":94,"deletions":47}}},{"hash":"2cd95895a85f0214219a4dad744a0438d9d62e9e","messageTitle":"Update gradle and jar file","messageBody":"","fileTypesAndContributionMap":{"gradle":{"insertions":5,"deletions":25},"java":{"insertions":11,"deletions":4}}}]}]},"authorFileTypeContributionMap":{"timmyly7":{"java":1120,"md":103,"fxml":0,"sh":0,"bat":2,"gradle":19,"txt":0}},"authorContributionVariance":{"timmyly7":5005.528},"authorDisplayNameMap":{"timmyly7":"TIC4002-F18-4 LI Y..I YI"}}
