{"authorDailyContributionsMap":{"timmyly7":[{"date":"2020-08-26","commitResults":[{"hash":"a2d886434100a35427a855cf4530a6dbb9532847","messageTitle":"Level 4 Task","messageBody":"","tags":["Level-4"],"fileTypesAndContributionMap":{"java":{"insertions":145,"deletions":23}}},{"hash":"7fdd3051adcfed3ce6deba48c404833a9e565e1b","messageTitle":"A-CodingStandard, as most of the code has follow the code standard, changes are limited.","messageBody":"","tags":["A-CodingStandard"],"fileTypesAndContributionMap":{"java":{"insertions":9,"deletions":9}}}]},{"date":"2020-09-04","commitResults":[{"hash":"dbbfd36c643f00ee1dab860b396900e75005f255","messageTitle":"Restructure project for more  understandable code. Complete task Level-5, A-CodeQuality, A-AbstractClasses, A-Packages","messageBody":"","tags":["Level-5","A-Packages","A-CodeQuality","A-AbstractClasses"],"fileTypesAndContributionMap":{"java":{"insertions":405,"deletions":151}}}]},{"date":"2020-09-11","commitResults":[{"hash":"9a5c49b69800cc92785d2261dc83285c57d0089f","messageTitle":"Add delete function","messageBody":"","tags":["Level-6"],"fileTypesAndContributionMap":{"java":{"insertions":48,"deletions":9}}},{"hash":"10d4bb756498f002e1c0978ce51c196537a86215","messageTitle":"Add save function","messageBody":"","tags":["Level-7"],"fileTypesAndContributionMap":{"java":{"insertions":86,"deletions":0}}},{"hash":"fcd72234786ea1121d7a1d65d9f049faa811669a","messageTitle":"Add save function","messageBody":"","tags":["A-JavaDoc"],"fileTypesAndContributionMap":{"java":{"insertions":29,"deletions":2}}},{"hash":"4b1485bd2e02983dfe0e5625d89d085d1b4939ea","messageTitle":"Add Maven Build for JAR file generation","messageBody":"","fileTypesAndContributionMap":{"java":{"insertions":3,"deletions":1},"bat":{"insertions":2,"deletions":2},"md":{"insertions":1,"deletions":1}}}]},{"date":"2020-09-17","commitResults":[{"hash":"390c1469e9db319d401119c544b020c8604305de","messageTitle":"Add deadline date for level-8 task","messageBody":"","tags":["Level-8"],"fileTypesAndContributionMap":{"java":{"insertions":24,"deletions":2}}},{"hash":"9cff42af85ef39de0253053e348035c19abe7610","messageTitle":"Add deadline date for level-9 task","messageBody":"","tags":["Level-9"],"fileTypesAndContributionMap":{"java":{"insertions":64,"deletions":0}}},{"hash":"e25a3de149939c33f01fbccfcb53fc7ae73d47dc","messageTitle":"Add junit testing and task","messageBody":"","tags":["A-JUnit"],"fileTypesAndContributionMap":{"java":{"insertions":24,"deletions":0}}}]},{"date":"2020-09-28","commitResults":[{"hash":"61871c6694819ca67cb385aa2613fe153821011a","messageTitle":"Add junit testing and task","messageBody":"","fileTypesAndContributionMap":{"java":{"insertions":141,"deletions":66}}},{"hash":"228e2b13f289f99f42b227fed384c0aab6717d77","messageTitle":"Update User guide","messageBody":"","fileTypesAndContributionMap":{"md":{"insertions":100,"deletions":3}}},{"hash":"38cd948d61beaa5c16b563ee065e726aee960f2b","messageTitle":"Update User guide","messageBody":"","tags":["A-UserGuide"],"fileTypesAndContributionMap":{"md":{"insertions":6,"deletions":1}}}]}]},"authorFileTypeContributionMap":{"timmyly7":{"java":817,"md":103,"fxml":0,"sh":0,"bat":2,"gradle":0,"txt":0}},"authorContributionVariance":{"timmyly7":9805.25},"authorDisplayNameMap":{"timmyly7":"TIC4002-F18-4 LI Y..I YI"}}
